pid_x,pid_y,pid_z,front_left_speed,front_right_speed,back_left_speed,back_right_speed,orientation_x,orientation_y,orientation_z,acceleration_x,acceleration_y,acceleration_z,accel_rejected,mag_rejected,gyro_x,gyro_y,gyro_z,accel_x,accel_y,accel_z,mag_x,mag_y,mag_z
61.4128,0,0,5,5,76.4128,76.4128,-0.614128,-0.324508,0.563407,0.0325559,0.518634,0.162772,0,0,3.78,0.2625,-0.9625,-0.013298,0.540948,-0.851072,-0.21112,-0.15918,0.19698
122.259,0,0,5,5,100,100,-1.22259,-0.634444,1.13202,0.0407593,0.508506,0.164278,0,0,3.605,0.14,-0.8225,-0.010492,0.541436,-0.849364,-0.21112,-0.15918,0.19698
182.391,0,0,5,5,100,100,-1.82391,-0.9359,1.7119,0.0463847,0.499849,0.160607,0,0,3.43,-0.14,-0.7525,-0.010126,0.543266,-0.852658,-0.2086,-0.1638,0.20034
241.819,0,0,5,5,100,100,-2.41819,-1.22713,2.29953,0.0506162,0.487658,0.16271,0,0,3.29,0.0875,-0.8575,-0.01098,0.541436,-0.850096,-0.2086,-0.1638,0.20034
300.654,0,0,5,5,100,100,-3.00654,-1.50736,2.89327,0.0561133,0.479852,0.160386,0,0,3.2375,0.14,-0.8225,-0.01037,0.543876,-0.851804,-0.2086,-0.1638,0.20034
358.179,0,0,5,5,100,100,-3.58179,-1.77524,3.49578,0.0595719,0.464833,0.157585,0,0,3.465,0.1575,-0.91,-0.01159,0.538874,-0.853878,-0.2086,-0.1638,0.20034
415.081,0,0,5,5,100,100,-4.15081,-2.03288,4.10376,0.0643089,0.454451,0.159103,0,0,3.4475,0.035,-0.945,-0.011346,0.538386,-0.85156,-0.2086,-0.1638,0.20034
471.471,0,0,5,5,100,100,-4.71471,-2.2838,4.71821,0.0671059,0.447345,0.157318,0,0,3.4475,0.0175,-1.0675,-0.012932,0.54107,-0.852414,-0.2086,-0.1638,0.20034
527.375,0,0,5,5,100,100,-5.27375,-2.5263,5.33828,0.0707271,0.438749,0.158137,0,0,3.3425,0.14,-0.98,-0.013542,0.542168,-0.850584,-0.2086,-0.1638,0.20034
582.353,0,0,5,5,100,100,-5.82353,-2.75557,5.9626,0.0759394,0.427638,0.157026,0,0,3.6575,0.2975,-0.98,-0.012322,0.540582,-0.850584,-0.2086,-0.1638,0.20034
636.447,0,0,5,5,100,100,-6.36447,-2.97156,6.5892,0.0806763,0.418893,0.152641,0,0,3.7625,0.3675,-0.945,-0.011346,0.541192,-0.853756,-0.21252,-0.16478,0.20202
689.962,0,0,5,5,100,100,-6.89962,-3.17962,7.22111,0.083452,0.409773,0.151985,0,0,3.325,0.1575,-0.77,-0.0122,0.541314,-0.853146,-0.21252,-0.16478,0.20202
742.866,0,0,5,5,100,100,-7.42866,-3.38052,7.85784,0.0856161,0.400652,0.152604,0,0,3.43,0.2275,-0.8575,-0.013542,0.541314,-0.851194,-0.21252,-0.16478,0.20202
794.842,0,0,5,5,100,100,-7.94842,-3.57289,8.49962,0.0876312,0.390363,0.149838,0,0,3.465,0,-0.8925,-0.014884,0.539972,-0.852536,-0.21252,-0.16478,0.20202
846.147,0,0,5,5,100,100,-8.46147,-3.7523,9.14226,0.0935503,0.382523,0.148242,0,0,3.605,0.0875,-0.875,-0.012078,0.540948,-0.852658,-0.21252,-0.16478,0.20202
896.818,0,0,5,5,100,100,-8.96818,-3.92301,9.78775,0.0964015,0.373465,0.148798,0,0,3.6575,0.245,-0.9625,-0.0122,0.540582,-0.850584,-0.21252,-0.16478,0.20202
946.736,0,0,5,5,100,100,-9.46736,-4.08612,10.4371,0.0980266,0.365285,0.145365,0,0,3.4475,0.21,-0.9975,-0.01342,0.540948,-0.852414,-0.21252,-0.16478,0.20202
995.891,0,0,5,5,100,100,-9.95891,-4.23517,11.0856,0.104266,0.356516,0.144228,0,0,3.5175,0.28,-1.015,-0.00976,0.540582,-0.851926,-0.21252,-0.16478,0.20202
1044.33,0,0,5,5,100,100,-10.4433,-4.37817,11.7365,0.104689,0.347275,0.14378,0,0,3.4125,0.2275,-1.0325,-0.011834,0.539606,-0.850706,-0.2065,-0.16198,0.2051
1092,0,0,5,5,100,100,-10.92,-4.51354,12.3901,0.106437,0.340501,0.138865,0,0,3.3425,0.175,-1.015,-0.012444,0.540948,-0.853878,-0.2065,-0.16198,0.2051
1138.99,0,0,5,5,100,100,-11.3899,-4.63902,13.0443,0.109957,0.331294,0.13994,0,0,3.4475,0.2625,-0.9625,-0.011102,0.539728,-0.851072,-0.2065,-0.16198,0.2051
1184.98,0,0,5,5,100,100,-11.8498,-4.75403,13.6992,0.112808,0.322391,0.135709,0,0,3.4125,0.1925,-0.9625,-0.010248,0.53863,-0.853512,-0.2065,-0.16198,0.2051
1230.76,0,0,5,5,100,100,-12.3076,-4.86731,14.3578,0.11247,0.317328,0.136463,0,0,3.29,0.07,-0.91,-0.012566,0.541314,-0.85095,-0.2065,-0.16198,0.2051
1275.18,0,0,5,5,100,100,-12.7518,-4.96933,15.0167,0.114365,0.307623,0.128982,0,0,3.4125,0.175,-1.085,-0.012444,0.539118,-0.856562,-0.2065,-0.16198,0.2051
1319.4,0,0,5,5,100,100,-13.194,-5.06786,15.6775,0.115349,0.301874,0.132151,0,0,3.5525,0.175,-1.015,-0.013176,0.540826,-0.85156,-0.2065,-0.16198,0.2051
1362.5,0,0,5,5,100,100,-13.625,-5.15582,16.3383,0.117729,0.29254,0.127944,0,0,3.6225,0.175,-0.77,-0.012322,0.538752,-0.853878,-0.2065,-0.16198,0.2051
1405.11,0,0,5,5,100,100,-14.0511,-5.23904,16.9994,0.118082,0.284893,0.129611,0,0,3.5525,0.0525,-0.77,-0.01342,0.538264,-0.85034,-0.20818,-0.1624,0.20566
1446.89,0,0,5,5,100,100,-14.4689,-5.3136,17.6596,0.120471,0.278739,0.124755,0,0,3.5175,0.035,-0.875,-0.012322,0.539118,-0.853268,-0.20818,-0.1624,0.20566
1488.24,0,0,5,5,100,100,-14.8824,-5.38468,18.3211,0.12037,0.273894,0.123069,0,0,3.4825,0.07,-0.91,-0.013664,0.541192,-0.853024,-0.20818,-0.1624,0.20566
1529.13,0,0,5,5,100,100,-15.2913,-5.44897,18.9815,0.122945,0.268283,0.122715,0,0,3.4825,-0.0525,-0.91,-0.0122,0.542412,-0.851438,-0.20818,-0.1624,0.20566
1569.02,0,0,5,5,100,100,-15.6902,-5.5062,19.6416,0.123332,0.259676,0.119543,0,0,3.4475,-0.105,-0.98,-0.01281,0.54046,-0.852658,-0.20818,-0.1624,0.20566
1607.72,0,0,5,5,100,100,-16.0772,-5.55414,20.3,0.124529,0.252499,0.111847,0,0,3.395,0.0525,-0.91,-0.012444,0.539728,-0.858392,-0.20818,-0.1624,0.20566
1646.32,0,0,5,5,100,100,-16.4632,-5.59923,20.9585,0.125312,0.248526,0.113952,0,0,3.3425,0.0875,-0.91,-0.012444,0.542168,-0.854366,-0.20818,-0.1624,0.20566
1684.06,0,0,5,5,100,100,-16.8406,-5.6374,21.6157,0.126218,0.240555,0.112626,0,0,3.4475,0.105,-0.8225,-0.0122,0.54046,-0.853756,-0.20818,-0.1624,0.20566
1721.18,0,0,5,5,100,100,-17.2118,-5.66931,22.2709,0.127623,0.233918,0.112776,0,0,3.57,0.245,-0.945,-0.011346,0.539972,-0.851682,-0.20818,-0.1624,0.20566
1758.02,0,0,5,5,100,100,-17.5802,-5.69505,22.9245,0.130742,0.229168,0.114263,0,0,3.605,0.175,-0.9275,-0.008662,0.541314,-0.848266,-0.2079,-0.16296,0.20538
1793.96,0,0,5,5,100,100,-17.9396,-5.71945,23.5796,0.127157,0.222871,0.109245,0,0,3.4825,0.1225,-0.9275,-0.012688,0.540948,-0.851316,-0.2079,-0.16296,0.20538
1829.45,0,0,5,5,100,100,-18.2945,-5.73875,24.233,0.128343,0.217146,0.110002,0,0,3.4475,0.14,-0.8575,-0.011834,0.54107,-0.848632,-0.2079,-0.16296,0.20538
1863.93,0,0,5,5,100,100,-18.6393,-5.75129,24.8836,0.129046,0.211963,0.102675,0,0,3.395,0,-0.8925,-0.011346,0.541558,-0.854,-0.2079,-0.16296,0.20538
1897.64,0,0,5,5,100,100,-18.9764,-5.75933,25.5326,0.128579,0.207526,0.0979465,0,0,3.5175,0.2275,-0.9275,-0.011956,0.542656,-0.856806,-0.2079,-0.16296,0.20538
1931.06,0,0,5,5,100,100,-19.3106,-5.76305,26.1792,0.12998,0.201923,0.101201,0,0,3.57,0.245,-1.015,-0.010614,0.542534,-0.851682,-0.2079,-0.16296,0.20538
1963.2,0,0,5,5,100,100,-19.632,-5.75798,26.8211,0.131471,0.194825,0.0944306,0,0,3.6225,0.105,-0.9275,-0.009028,0.540704,-0.856562,-0.2079,-0.16296,0.20538
1995.2,0,0,5,5,100,100,-19.952,-5.75716,27.4663,0.126354,0.191307,0.0951328,0,0,3.395,-0.035,-0.84,-0.014152,0.542412,-0.854,-0.2079,-0.16296,0.20538
2026.57,0,0,5,5,100,100,-20.2657,-5.75469,28.1189,0.125582,0.185578,0.0930175,0,0,3.36,0.07,-0.84,-0.014884,0.541802,-0.854244,-0.20118,-0.16352,0.20062
2057.34,0,0,5,5,100,100,-20.5734,-5.7452,28.7669,0.127847,0.180077,0.0921529,0,0,3.3075,0.245,-0.9625,-0.012444,0.541314,-0.853268,-0.20118,-0.16352,0.20062
2088.01,0,0,5,5,100,100,-20.8801,-5.73443,29.4138,0.127782,0.177776,0.0928672,0,0,3.3425,0.1575,-0.9975,-0.012322,0.543998,-0.850706,-0.20118,-0.16352,0.20062
2117.68,0,0,5,5,100,100,-21.1768,-5.71871,30.0573,0.127387,0.171368,0.0893223,0,0,3.535,0.07,-0.9625,-0.012444,0.542412,-0.852414,-0.20118,-0.16352,0.20062
2146.35,0,0,5,5,100,100,-21.4635,-5.69771,30.6968,0.127023,0.165252,0.0845958,0,0,3.395,0.0875,-1.05,-0.012444,0.540948,-0.855342,-0.20118,-0.16352,0.20062
2174.55,0,0,5,5,100,100,-21.7455,-5.67497,31.3345,0.125777,0.160072,0.0856563,0,0,3.43,0.105,-0.9975,-0.013298,0.540338,-0.852536,-0.20118,-0.16352,0.20062
2201.94,0,0,5,5,100,100,-22.0194,-5.65072,31.9704,0.123048,0.154055,0.0836762,0,0,3.465,0.1225,-0.945,-0.015616,0.538752,-0.85278,-0.20118,-0.16352,0.20062
2228.68,0,0,5,5,100,100,-22.2868,-5.61824,32.5998,0.126857,0.149,0.0823454,0,0,3.4125,0,-0.91,-0.011224,0.53802,-0.852414,-0.20118,-0.16352,0.20062
2254.97,0,0,5,5,100,100,-22.5497,-5.58368,33.2224,0.125285,0.145122,0.0821336,0,0,3.29,0.1225,-0.8575,-0.0122,0.538386,-0.85095,-0.20594,-0.16478,0.20272
2281,0,0,5,5,100,100,-22.81,-5.54658,33.8421,0.125977,0.143979,0.0799562,0,0,3.535,0.07,-0.84,-0.010858,0.541436,-0.851438,-0.20594,-0.16478,0.20272
2306.97,0,0,5,5,100,100,-23.0697,-5.5135,34.4632,0.12115,0.138094,0.0867328,0,0,3.4825,0.1225,-0.8225,-0.015128,0.539728,-0.84302,-0.20594,-0.16478,0.20272
2331.82,0,0,5,5,100,100,-23.3182,-5.47057,35.0757,0.125142,0.136539,0.0745247,0,0,3.2725,0.0175,-0.8575,-0.01037,0.542168,-0.853512,-0.20594,-0.16478,0.20272
2355.96,0,0,5,5,100,100,-23.5596,-5.43164,35.6889,0.118149,0.129856,0.0754975,0,0,3.3775,0.175,-0.875,-0.016714,0.539362,-0.85095,-0.20594,-0.16478,0.20272
2379.45,0,0,5,5,100,100,-23.7945,-5.38359,36.2938,0.123388,0.126819,0.0718406,0,0,3.4475,-0.0175,-0.8925,-0.010614,0.540094,-0.853024,-0.20594,-0.16478,0.20272
2402.78,0,0,5,5,100,100,-24.0278,-5.33525,36.8968,0.122427,0.123936,0.0733432,0,0,3.465,-0.14,-0.84,-0.010736,0.540948,-0.849974,-0.20594,-0.16478,0.20272
2425.38,0,0,5,5,100,100,-24.2538,-5.28415,37.4959,0.121296,0.121541,0.0675095,0,0,3.4825,0.07,-0.63,-0.01098,0.542168,-0.854244,-0.20594,-0.16478,0.20272
2447.29,0,0,5,5,100,100,-24.4729,-5.23337,38.0925,0.117862,0.117426,0.0651514,0,0,3.5,0.2275,-0.7,-0.013542,0.541558,-0.855098,-0.20594,-0.16478,0.20272
2468.99,0,0,5,5,100,100,-24.6899,-5.17997,38.68,0.118149,0.113107,0.0689462,0,0,3.395,0.21,-0.77,-0.012322,0.540704,-0.849852,-0.20636,-0.1603,0.2044
2490.1,0,0,5,5,100,100,-24.901,-5.1238,39.2628,0.118023,0.109373,0.0666271,0,0,3.2025,0.1225,-0.8575,-0.011468,0.540338,-0.850706,-0.20636,-0.1603,0.2044
2510.67,0,0,5,5,100,100,-25.1067,-5.06616,39.842,0.11702,0.106094,0.0651961,0,0,3.3775,0.1225,-0.805,-0.011468,0.540338,-0.850706,-0.20636,-0.1603,0.2044
2530.38,0,0,5,5,100,100,-25.3038,-5.00695,40.4167,0.114898,0.101856,0.0608685,0,0,3.2725,0.175,-0.8225,-0.012566,0.53924,-0.853634,-0.20636,-0.1603,0.2044
2549.59,0,0,5,5,100,100,-25.4959,-4.94676,40.9876,0.113851,0.0987997,0.059518,0,0,3.395,0.07,-0.8925,-0.012566,0.53924,-0.853634,-0.20636,-0.1603,0.2044
2568.38,0,0,5,5,100,100,-25.6838,-4.88564,41.5551,0.11291,0.0964234,0.057943,0,0,3.5,-0.0175,-0.805,-0.012444,0.53985,-0.853878,-0.20636,-0.1603,0.2044
2586.83,0,0,5,5,100,100,-25.8683,-4.82211,42.1179,0.11302,0.0943491,0.0565098,0,0,3.4825,0.2975,-0.8925,-0.011224,0.540704,-0.854,-0.20636,-0.1603,0.2044
2605.02,0,0,5,5,100,100,-26.0502,-4.75813,42.6775,0.11215,0.0910969,0.0582822,0,0,3.57,0.245,-0.91,-0.01098,0.540338,-0.85095,-0.20636,-0.1603,0.2044
2622.86,0,0,5,5,100,100,-26.2286,-4.69374,43.2394,0.11103,0.0882699,0.056998,0,0,3.3775,0.2975,-0.805,-0.01098,0.540338,-0.85095,-0.20622,-0.16618,0.20384
2639.88,0,0,5,5,100,100,-26.3988,-4.62881,43.7967,0.108564,0.0837434,0.0542928,0,0,3.3775,0.245,-0.8225,-0.012322,0.538508,-0.852414,-0.20622,-0.16618,0.20384
2656.87,0,0,5,5,100,100,-26.5687,-4.56014,44.3489,0.111622,0.0837417,0.0536753,0,0,3.57,0.0875,-0.8225,-0.008052,0.541192,-0.851804,-0.20622,-0.16618,0.20384
2673.44,0,0,5,5,100,100,-26.7344,-4.49462,44.8994,0.10708,0.0803914,0.0536921,0,0,3.5525,0.07,-0.875,-0.011468,0.54046,-0.850584,-0.20622,-0.16618,0.20384
2689.34,0,0,5,5,100,100,-26.8934,-4.42751,45.4447,0.106034,0.0772716,0.0504358,0,0,3.5175,0.0525,-0.84,-0.011346,0.53985,-0.852658,-0.20622,-0.16618,0.20384
2704.77,0,0,5,5,100,100,-27.0477,-4.36048,45.9862,0.104017,0.0764254,0.0462242,0,0,3.57,0.21,-0.7875,-0.0122,0.541436,-0.855708,-0.20622,-0.16618,0.20384
2719.88,0,0,5,5,100,100,-27.1988,-4.29581,46.5253,0.100948,0.0746555,0.0454693,0,0,3.7625,0.07,-0.945,-0.014152,0.542046,-0.855342,-0.20622,-0.16618,0.20384
2734.26,0,0,5,5,100,100,-27.3426,-4.22899,47.0583,0.100149,0.0697059,0.0442774,0,0,3.605,0.14,-0.9975,-0.013786,0.539362,-0.855464,-0.20622,-0.16618,0.20384
2749.06,0,0,5,5,100,100,-27.4906,-4.16354,47.5914,0.0994958,0.0700667,0.0473453,0,0,3.395,0.21,-0.945,-0.013298,0.542046,-0.851316,-0.20412,-0.16352,0.20972
2762.89,0,0,5,5,100,100,-27.6289,-4.09518,48.1175,0.0987917,0.0641073,0.0453243,0,0,3.2725,0.2975,-0.945,-0.01281,0.538264,-0.852292,-0.20412,-0.16352,0.20972
2777.02,0,0,5,5,100,100,-27.7702,-4.02494,48.6405,0.101213,0.0667735,0.0441345,0,0,3.395,0.1225,-0.875,-0.00915,0.543144,-0.852414,-0.20412,-0.16352,0.20972
2790.2,0,0,5,5,100,100,-27.902,-3.95484,49.158,0.0984136,0.0616514,0.0416629,0,0,3.5,-0.0175,-0.9275,-0.010736,0.540094,-0.853878,-0.20412,-0.16352,0.20972
2803.31,0,0,5,5,100,100,-28.0331,-3.88692,49.6737,0.0958947,0.0599628,0.0434913,0,0,3.605,-0.0525,-0.91,-0.012078,0.54046,-0.851072,-0.20412,-0.16352,0.20972
2815.52,0,0,5,5,100,100,-28.1552,-3.81769,50.1832,0.0939602,0.0547512,0.041455,0,0,3.535,0.175,-0.8575,-0.01281,0.537166,-0.85217,-0.20412,-0.16352,0.20972
2827.56,0,0,5,5,100,100,-28.2756,-3.74921,50.6893,0.0925245,0.0536,0.0407795,0,0,3.4125,0.1225,-0.8925,-0.013054,0.537898,-0.851926,-0.20412,-0.16352,0.20972
2839.85,0,0,5,5,100,100,-28.3985,-3.68082,51.193,0.0929128,0.0558307,0.0392164,0,0,3.185,-0.0525,-0.8575,-0.011468,0.542046,-0.852536,-0.20412,-0.16352,0.20972
2851.47,0,0,5,5,100,100,-28.5147,-3.61302,51.6858,0.0897881,0.0525511,0.0375811,0,0,3.2725,0.1925,-0.875,-0.01342,0.540582,-0.853268,-0.20706,-0.16058,0.21224
2862.92,0,0,5,5,100,100,-28.6292,-3.54305,52.1741,0.0909989,0.0503955,0.0389066,0,0,3.2725,0.14,-0.805,-0.01098,0.540216,-0.851072,-0.20706,-0.16058,0.21224
2874.03,0,0,5,5,100,100,-28.7403,-3.47644,52.6601,0.0868014,0.0502521,0.0350898,0,0,3.2375,0.1575,-0.7525,-0.01403,0.541802,-0.854,-0.20706,-0.16058,0.21224
2884.75,0,0,5,5,100,100,-28.8475,-3.40753,53.1406,0.0874232,0.0472372,0.035606,0,0,3.3425,0.35,-0.7875,-0.0122,0.54046,-0.852658,-0.20706,-0.16058,0.21224
2895.19,0,0,5,5,100,100,-28.9519,-3.33577,53.6153,0.0890886,0.0471968,0.0324554,0,0,3.43,0.4725,-0.875,-0.009272,0.542046,-0.854976,-0.20706,-0.16058,0.21224
2905.29,0,0,5,5,100,100,-29.0529,-3.26445,54.086,0.0877243,0.0435459,0.0341233,0,0,3.29,0.28,-0.8575,-0.009394,0.539972,-0.852536,-0.20706,-0.16058,0.21224
2915.19,0,0,5,5,100,100,-29.1519,-3.19521,54.5539,0.0849385,0.0427386,0.0329751,0,0,3.255,0.385,-0.84,-0.01098,0.540704,-0.852902,-0.20706,-0.16058,0.21224
2925.06,0,0,5,5,100,100,-29.2506,-3.12755,55.0193,0.0833949,0.042182,0.0340368,0,0,3.57,0.35,-0.9275,-0.011346,0.54168,-0.851072,-0.20706,-0.16058,0.21224
2934.3,0,0,5,5,100,100,-29.343,-3.0616,55.4803,0.0804233,0.0409913,0.0288767,0,0,3.4825,0.1925,-0.875,-0.013176,0.541924,-0.855464,-0.20706,-0.16058,0.21224
2943.19,0,0,5,5,100,100,-29.4319,-2.99373,55.9338,0.0811842,0.0375344,0.0305069,0,0,3.4825,0.07,-0.8925,-0.011224,0.53985,-0.853146,-0.20692,-0.15848,0.2093
2951.51,0,0,5,5,100,100,-29.5151,-2.9295,56.3839,0.076663,0.0363656,0.0261554,0,0,3.43,-0.0875,-0.84,-0.01464,0.539972,-0.856806,-0.20692,-0.15848,0.2093
2960.2,0,0,5,5,100,100,-29.602,-2.86477,56.8316,0.0776,0.0366073,0.029761,0,0,3.5525,0.035,-0.9975,-0.012566,0.541558,-0.852536,-0.20692,-0.15848,0.2093
2968.78,0,0,5,5,100,100,-29.6878,-2.80192,57.2766,0.075168,0.0352807,0.0305437,0,0,3.5175,0.1575,-0.9275,-0.013908,0.541558,-0.851072,-0.20692,-0.15848,0.2093
2976.86,0,0,5,5,100,100,-29.7686,-2.73927,57.7167,0.0740759,0.0346422,0.0254652,0,0,3.22,-0.14,-0.8575,-0.013908,0.542168,-0.855464,-0.20692,-0.15848,0.2093
2984.59,0,0,5,5,100,100,-29.8459,-2.67334,58.1503,0.0758421,0.032103,0.0254575,0,0,3.22,0.1575,-1.015,-0.01098,0.540826,-0.854854,-0.20692,-0.15848,0.2093
2991.61,0,0,5,5,100,100,-29.9161,-2.60859,58.5787,0.073134,0.0274739,0.0258763,0,0,3.5175,0.245,-1.085,-0.012566,0.537288,-0.853878,-0.20692,-0.15848,0.2093
2999.54,0,0,5,5,100,100,-29.9954,-2.55057,59.0105,0.0683562,0.03004,0.0312503,0,0,3.36,0.2275,-0.91,-0.016348,0.54107,-0.8479,-0.20692,-0.15848,0.2093
3006.91,0,0,5,5,100,100,-30.0691,-2.48818,59.446,0.0713989,0.0276817,0.0276975,0,0,3.2725,0.14,-0.8225,-0.0122,0.53985,-0.850828,-0.19992,-0.1603,0.20594
3014.13,0,0,5,5,100,100,-30.1413,-2.42757,59.8781,0.0694917,0.0286458,0.0245233,0,0,3.255,0.1575,-0.9975,-0.013054,0.541924,-0.85339,-0.19992,-0.1603,0.20594
3021.51,0,0,5,5,100,100,-30.2151,-2.36794,60.3081,0.0682088,0.0279995,0.0272334,0,0,3.2725,0.385,-0.84,-0.013298,0.542412,-0.850096,-0.19992,-0.1603,0.20594
3028.1,0,0,5,5,100,100,-30.281,-2.30482,60.7302,0.0699023,0.025031,0.0232513,0,0,3.3075,0.315,-0.875,-0.010492,0.54046,-0.853512,-0.19992,-0.1603,0.20594
3034.64,0,0,5,5,100,100,-30.3464,-2.2445,61.1499,0.0676354,0.0229263,0.0259084,0,0,3.185,-0.1575,-0.91,-0.011712,0.539362,-0.85034,-0.19992,-0.1603,0.20594
3041.41,0,0,5,5,100,100,-30.4141,-2.18229,61.5664,0.069466,0.0235952,0.027191,0,0,3.255,-0.07,-0.875,-0.008784,0.54107,-0.84851,-0.19992,-0.1603,0.20594
3047.47,0,0,5,5,100,100,-30.4747,-2.12189,61.9777,0.0658616,0.0231533,0.0209115,0,0,3.4825,0.455,-0.875,-0.011346,0.541558,-0.854244,-0.19992,-0.1603,0.20594
3053.87,0,0,5,5,100,100,-30.5387,-2.06225,62.3872,0.0654286,0.0231495,0.024435,0,0,3.465,0.5425,-0.8925,-0.010736,0.542534,-0.850218,-0.19992,-0.1603,0.20594
3059.25,0,0,5,5,100,100,-30.5925,-2.00411,62.7822,0.0623494,0.0202463,0.0189475,0,0,3.4475,0.385,-0.945,-0.01281,0.54046,-0.85522,-0.20496,-0.15708,0.21126
3064.31,0,0,5,5,100,100,-30.6431,-1.95074,63.1748,0.0574094,0.020203,0.0155748,0,0,3.29,0.28,-0.8575,-0.016836,0.541192,-0.858148,-0.20496,-0.15708,0.21126
3069.73,0,0,5,5,100,100,-30.6973,-1.8948,63.5644,0.0600781,0.0192505,0.020899,0,0,3.43,0.3675,-0.91,-0.013176,0.54107,-0.852414,-0.20496,-0.15708,0.21126
3074.92,0,0,5,5,100,100,-30.7492,-1.83907,63.9501,0.0595919,0.0190668,0.0183737,0,0,3.29,0.1575,-0.805,-0.012688,0.54168,-0.854488,-0.20496,-0.15708,0.21126
3080.09,0,0,5,5,100,100,-30.8009,-1.78338,64.3328,0.0594708,0.0180322,0.019906,0,0,3.395,0.035,-0.7175,-0.011834,0.541436,-0.852536,-0.20496,-0.15708,0.21126
3085.54,0,0,5,5,100,100,-30.8554,-1.73138,64.7149,0.0564985,0.0192775,0.0212867,0,0,3.4825,0.0175,-0.77,-0.013908,0.54351,-0.850706,-0.20496,-0.15708,0.21126
3090.38,0,0,5,5,100,100,-30.9038,-1.67565,65.0898,0.0585633,0.0143861,0.0224768,0,0,3.605,0.175,-0.7875,-0.010858,0.539362,-0.84912,-0.20496,-0.15708,0.21126
3094.77,0,0,5,5,100,100,-30.9477,-1.6206,65.46,0.0571171,0.0150581,0.016697,0,0,3.57,0.28,-0.7525,-0.011346,0.540704,-0.854488,-0.20496,-0.15708,0.21126
3099.08,0,0,5,5,100,100,-30.9908,-1.5669,65.8269,0.0555727,0.0130575,0.0191608,0,0,3.64,0.3675,-0.875,-0.011956,0.539362,-0.851682,-0.20496,-0.15708,0.21126
3103.31,0,0,5,5,100,100,-31.0331,-1.51589,66.1846,0.052982,0.0146101,0.0164646,0,0,3.5875,0.2625,-0.8225,-0.013664,0.541558,-0.854,-0.20748,-0.15526,0.2079
3107.47,0,0,5,5,100,100,-31.0747,-1.46646,66.5393,0.051755,0.0144653,0.0152488,0,0,3.2375,-0.07,-0.8575,-0.01403,0.542046,-0.854854,-0.20748,-0.15526,0.2079
3111.35,0,0,5,5,100,100,-31.1135,-1.41604,66.8892,0.0519687,0.0100885,0.0192216,0,0,3.29,0,-0.91,-0.012932,0.538264,-0.850584,-0.20748,-0.15526,0.2079
3115.62,0,0,5,5,100,100,-31.1562,-1.36733,67.2385,0.0509974,0.0126146,0.0193453,0,0,3.2375,-0.1225,-0.8225,-0.013054,0.541436,-0.850096,-0.20748,-0.15526,0.2079
3119.68,0,0,5,5,100,100,-31.1968,-1.32052,67.5847,0.0487228,0.0118764,0.0186261,0,0,3.36,0,-0.7875,-0.014518,0.541314,-0.850462,-0.20748,-0.15526,0.2079
3123.31,0,0,5,5,100,100,-31.2331,-1.27163,67.9252,0.0498135,0.00961486,0.0178225,0,0,3.5175,0.14,-0.8225,-0.012566,0.539606,-0.85095,-0.20748,-0.15526,0.2079
3127.16,0,0,5,5,100,100,-31.2716,-1.22626,68.2647,0.0467135,0.0120853,0.0161366,0,0,3.36,0.245,-0.8225,-0.014884,0.542656,-0.852292,-0.20748,-0.15526,0.2079
3130.73,0,0,5,5,100,100,-31.3073,-1.17675,68.5986,0.0499801,0.00946789,0.0170583,0,0,3.4125,0.21,-0.7525,-0.010736,0.540582,-0.851072,-0.20748,-0.15526,0.2079
3134.32,0,0,5,5,100,100,-31.3432,-1.12965,68.9335,0.047822,0.0117323,0.0137956,0,0,3.4125,0.315,-0.84,-0.012078,0.543388,-0.854,-0.20342,-0.15764,0.19978
3137.62,0,0,5,5,100,100,-31.3762,-1.08183,69.2633,0.0479594,0.00976675,0.0135097,0,0,3.29,0.4375,-1.015,-0.011102,0.541924,-0.854,-0.20342,-0.15764,0.19978
3141.66,0,0,5,5,100,100,-31.4166,-1.03325,69.593,0.0494197,0.00952413,0.0213939,0,0,3.3075,0.3675,-1.0325,-0.008784,0.54229,-0.845826,-0.20342,-0.15764,0.19978
3144.92,0,0,5,5,100,100,-31.4492,-0.986009,69.9171,0.0476236,0.0091523,0.0141009,0,0,3.3075,0.105,-0.945,-0.00976,0.542412,-0.85278,-0.20342,-0.15764,0.19978
3147.53,0,0,5,5,100,100,-31.4753,-0.941822,70.2363,0.0436938,0.00729227,0.0104322,0,0,3.3075,0.315,-0.8925,-0.012932,0.540948,-0.856196,-0.20342,-0.15764,0.19978
3150,0,0,5,5,100,100,-31.5,-0.898417,70.5523,0.0429364,0.00691795,0.0102172,0,0,3.5875,0.245,-0.91,-0.012932,0.540948,-0.856196,-0.20342,-0.15764,0.19978
3152.39,0,0,5,5,100,100,-31.5239,-0.854482,70.8647,0.0433845,0.0068007,0.00951751,0,0,3.6225,0.2275,-0.98,-0.011712,0.541192,-0.856684,-0.20342,-0.15764,0.19978
3154.73,0,0,5,5,100,100,-31.5473,-0.811286,71.174,0.0426307,0.00644633,0.00931291,0,0,3.4475,0.14,-0.91,-0.011712,0.541192,-0.856684,-0.20342,-0.15764,0.19978
3157.18,0,0,5,5,100,100,-31.5718,-0.769375,71.4753,0.0415348,0.00705425,0.00971278,0,0,3.4125,0.0525,-0.84,-0.012078,0.542168,-0.856074,-0.20804,-0.1561,0.20356
3159.54,0,0,5,5,100,100,-31.5954,-0.728261,71.7737,0.0408173,0.00669844,0.00950503,0,0,3.465,-0.0875,-0.7875,-0.012078,0.542168,-0.856074,-0.20804,-0.1561,0.20356
3161.82,0,0,5,5,100,100,-31.6182,-0.690737,72.0698,0.0373683,0.00562288,0.0104101,0,0,3.3425,-0.0875,-0.8225,-0.014884,0.541436,-0.854976,-0.20804,-0.1561,0.20356
3164.05,0,0,5,5,100,100,-31.6405,-0.653396,72.3627,0.0367166,0.005287,0.0102122,0,0,3.185,0.1925,-0.84,-0.014884,0.541436,-0.854976,-0.20804,-0.1561,0.20356
3166.22,0,0,5,5,100,100,-31.6622,-0.612554,72.6514,0.0397698,0.0037396,0.0119876,0,0,3.36,0.245,-0.91,-0.011102,0.540216,-0.853024,-0.20804,-0.1561,0.20356
3168.42,0,0,5,5,100,100,-31.6842,-0.574386,72.9383,0.0372814,0.00389688,0.0121602,0,0,3.255,0.21,-0.8225,-0.012932,0.540704,-0.852658,-0.20804,-0.1561,0.20356
3170.64,0,0,5,5,100,100,-31.7064,-0.536398,73.2224,0.0373474,0.00331945,0.0130686,0,0,3.185,0.035,-0.8925,-0.0122,0.54046,-0.85156,-0.20804,-0.1561,0.20356
3172.24,0,0,5,5,100,100,-31.7224,-0.498422,73.5011,0.0363201,0.000880828,0.010714,0,0,3.325,0.2975,-0.84,-0.012566,0.538264,-0.853756,-0.20804,-0.1561,0.20356
3173.98,0,0,5,5,100,100,-31.7398,-0.465382,73.7855,0.0322204,0.00110925,0.0121572,0,0,3.4125,0.1575,-0.945,-0.016104,0.538752,-0.85217,-0.2037,-0.16254,0.19908
3176.13,0,0,5,5,100,100,-31.7613,-0.426595,74.0672,0.0373748,0.00322989,0.0127019,0,0,3.465,0.525,-0.945,-0.010248,0.541192,-0.851438,-0.2037,-0.16254,0.19908
3178.08,0,0,5,5,100,100,-31.7808,-0.393169,74.3467,0.0324179,0.00367055,0.0106817,0,0,3.5875,0.5075,-1.0325,-0.01464,0.541924,-0.853268,-0.2037,-0.16254,0.19908
3180.03,0,0,5,5,100,100,-31.8003,-0.357355,74.6229,0.034587,0.00264712,0.0118588,0,0,3.535,0.385,-0.9275,-0.011834,0.541192,-0.851926,-0.2037,-0.16254,0.19908
3181.61,0,0,5,5,100,100,-31.8161,-0.323791,74.8954,0.0324219,0.00253226,0.00851924,0,0,3.5525,0.2275,-0.8925,-0.01342,0.541314,-0.855098,-0.2037,-0.16254,0.19908
3183.44,0,0,5,5,100,100,-31.8344,-0.289857,75.1662,0.0325586,0.0018931,0.0116733,0,0,3.36,0.35,-0.7525,-0.012688,0.540948,-0.851804,-0.2037,-0.16254,0.19908
3185.15,0,0,5,5,100,100,-31.8515,-0.254361,75.4333,0.0338828,0.00237032,0.00942792,0,0,3.29,0.3675,-0.7525,-0.010736,0.54168,-0.853878,-0.2037,-0.16254,0.19908
3186.53,0,0,5,5,100,100,-31.8653,-0.219786,75.6961,0.0327935,-0.000399286,0.0102871,0,0,3.255,0.3325,-0.875,-0.011224,0.539118,-0.852902,-0.2037,-0.16254,0.19908
3188.37,0,0,5,5,100,100,-31.8837,-0.188892,75.9595,0.029946,0.00274543,0.0103644,0,0,3.15,0.21,-0.805,-0.013542,0.542534,-0.852658,-0.2037,-0.16254,0.19908
3190.1,0,0,5,5,100,100,-31.901,-0.156173,76.2211,0.0313187,0.000534969,0.0129117,0,0,3.4475,0.315,-0.8225,-0.01159,0.540582,-0.849974,-0.203,-0.16366,0.1995
3191.58,0,0,5,5,100,100,-31.9158,-0.121534,76.4784,0.0327794,-0.000661837,0.0121618,0,0,3.5,0.385,-0.8575,-0.009516,0.539606,-0.850584,-0.203,-0.16366,0.1995
3192.92,0,0,5,5,100,100,-31.9292,-0.0912082,76.7335,0.0290915,0.00109292,0.00835036,0,0,3.5,0.2275,-0.9275,-0.012688,0.541558,-0.854244,-0.203,-0.16366,0.1995
3194.13,0,0,5,5,100,100,-31.9413,-0.0596103,76.9851,0.0299979,-6.41279e-05,0.0084849,0,0,3.3775,0.245,-0.84,-0.011224,0.540582,-0.854,-0.203,-0.16366,0.1995
3195.38,0,0,5,5,100,100,-31.9538,-0.0283047,77.2344,0.0296945,-0.00183696,0.0116895,0,0,3.3775,0.21,-0.8575,-0.01098,0.538996,-0.850706,-0.203,-0.16366,0.1995
3196.55,0,0,5,5,100,100,-31.9655,0.000566856,77.4813,0.0273683,-0.00176591,0.0110898,0,0,3.43,0.21,-0.805,-0.01281,0.53924,-0.851194,-0.203,-0.16366,0.1995
3197.86,0,0,5,5,100,100,-31.9786,0.0311516,77.726,0.0292642,-0.00134944,0.0117061,0,0,3.43,0.035,-0.8225,-0.01037,0.53985,-0.850462,-0.203,-0.16366,0.1995
3199.4,0,0,5,5,100,100,-31.994,0.0561687,77.9703,0.0242111,0.000498763,0.0115634,0,0,3.3425,0.175,-0.8925,-0.015006,0.541924,-0.850462,-0.203,-0.16366,0.1995
3200.62,0,0,5,5,100,100,-32.0062,0.0841471,78.206,0.0266384,-0.000292323,0.00923684,0,0,3.3075,0.2275,-0.91,-0.012078,0.541314,-0.852658,-0.2044,-0.16156,0.19824
3201.52,0,0,5,5,100,100,-32.0152,0.111354,78.4379,0.0257991,-0.00176763,0.00804688,0,0,3.22,0.105,-0.8575,-0.012444,0.539972,-0.853756,-0.2044,-0.16156,0.19824
3202.44,0,0,5,5,100,100,-32.0244,0.136752,78.6681,0.024141,-0.000315627,0.0063626,0,0,3.3075,0.14,-0.8225,-0.013664,0.541558,-0.855342,-0.2044,-0.16156,0.19824
3203.58,0,0,5,5,100,100,-32.0358,0.163549,78.8968,0.0256171,-0.00146088,0.0104361,0,0,3.36,-0.035,-0.735,-0.011712,0.540582,-0.851194,-0.2044,-0.16156,0.19824
3204.19,0,0,5,5,100,100,-32.0419,0.191845,79.1201,0.0267025,-0.00448162,0.00939462,0,0,3.29,-0.0175,-0.8925,-0.010126,0.537654,-0.85217,-0.2044,-0.16156,0.19824
3204.84,0,0,5,5,100,100,-32.0484,0.218004,79.3415,0.0245452,-0.00347692,0.00847294,0,0,3.3425,0.175,-0.8925,-0.011834,0.538752,-0.853024,-0.2044,-0.16156,0.19824
3205.69,0,0,5,5,100,100,-32.0569,0.243777,79.5618,0.0240953,-0.00189197,0.00851559,0,0,3.5175,0.315,-0.805,-0.011834,0.54046,-0.852902,-0.2044,-0.16156,0.19824
3206.72,0,0,5,5,100,100,-32.0672,0.265106,79.7818,0.0203215,-0.000700386,0.00915624,0,0,3.6225,0.1575,-0.77,-0.01525,0.541802,-0.85217,-0.2044,-0.16156,0.19824
3207.4,0,0,5,5,100,100,-32.074,0.291335,79.9954,0.0248446,-0.000921444,0.00503433,0,0,3.4825,0.07,-0.84,-0.010248,0.54168,-0.856196,-0.20552,-0.16366,0.19852
3208.34,0,0,5,5,100,100,-32.0834,0.315285,80.2083,0.0229688,-0.0010593,0.00801903,0,0,3.3775,-0.035,-0.8575,-0.011712,0.54168,-0.853146,-0.20552,-0.16366,0.19852
3208.66,0,0,5,5,100,100,-32.0866,0.337667,80.4165,0.0209989,-0.00245002,0.00417533,0,0,3.4825,0.1225,-0.8225,-0.013298,0.540338,-0.856928,-0.20552,-0.16366,0.19852
3209.52,0,0,5,5,100,100,-32.0952,0.361514,80.6243,0.0225264,-0.00208644,0.00901192,0,0,3.5,0.2275,-0.98,-0.011346,0.540826,-0.852048,-0.20552,-0.16366,0.19852
3210.29,0,0,5,5,100,100,-32.1029,0.386182,80.8292,0.0231893,-0.00219916,0.00832316,0,0,3.535,0.3325,-1.085,-0.010248,0.540826,-0.852658,-0.20552,-0.16366,0.19852
3211.36,0,0,5,5,100,100,-32.1136,0.409351,81.0336,0.021813,-0.00174595,0.0109259,0,0,3.535,0.385,-1.05,-0.011224,0.541436,-0.849974,-0.20552,-0.16366,0.19852
3212.2,0,0,5,5,100,100,-32.122,0.429773,81.2356,0.0193913,-0.00162359,0.00826441,0,0,3.43,0.14,-0.875,-0.013298,0.54168,-0.852536,-0.20552,-0.16366,0.19852
3212.84,0,0,5,5,100,100,-32.1284,0.45178,81.4343,0.020951,-0.00171629,0.0058667,0,0,3.2725,0,-0.8575,-0.011346,0.54168,-0.854854,-0.20552,-0.16366,0.19852
3213,0,0,5,5,100,100,-32.13,0.474676,81.6282,0.0214018,-0.00454724,0.00535725,0,0,3.325,0.1225,-0.945,-0.010492,0.538874,-0.855342,-0.20552,-0.16366,0.19852
3213.71,0,0,5,5,100,100,-32.1371,0.498238,81.8304,0.0222055,-0.00379597,0.0103289,0,0,3.64,0.14,-0.9625,-0.009272,0.539728,-0.85034,-0.20202,-0.16324,0.20062
3214.11,0,0,5,5,100,100,-32.1411,0.517929,82.0296,0.0184602,-0.00312063,0.00635491,0,0,3.6225,0.21,-0.91,-0.012688,0.54046,-0.854244,-0.20202,-0.16324,0.20062
3214.85,0,0,5,5,100,100,-32.1485,0.535766,82.2287,0.016934,-0.00212951,0.00837377,0,0,3.5175,0.0875,-0.7875,-0.013908,0.541558,-0.85217,-0.20202,-0.16324,0.20062
3215.64,0,0,5,5,100,100,-32.1564,0.553125,82.4259,0.0165096,-0.00248846,0.00915891,0,0,3.36,0.07,-0.805,-0.01403,0.541314,-0.851316,-0.20202,-0.16324,0.20062
3215.64,0,0,5,5,100,100,-32.1564,0.568947,82.6174,0.0146541,-0.00480757,0.00497629,0,0,3.4825,0.2275,-0.875,-0.015616,0.538996,-0.855464,-0.20202,-0.16324,0.20062
3216.41,0,0,5,5,100,100,-32.1641,0.585856,82.8106,0.0159384,-0.000645042,0.00650074,0,0,3.5525,0.21,-0.7525,-0.01403,0.543266,-0.853878,-0.20202,-0.16324,0.20062
3217.01,0,0,5,5,100,100,-32.1701,0.604386,83.0006,0.0173158,-0.00512831,0.0114831,0,0,3.4825,0.105,-0.77,-0.012322,0.538874,-0.848876,-0.20202,-0.16324,0.20062
3217.23,0,0,5,5,100,100,-32.1723,0.625446,83.1863,0.0198639,-0.00418265,0.00568017,0,0,3.4475,0.035,-0.9275,-0.009394,0.53985,-0.85461,-0.20202,-0.16324,0.20062
3217.47,0,0,5,5,100,100,-32.1747,0.641657,83.3619,0.015329,-0.0044601,0.00700802,0,0,3.5,0.14,-1.05,-0.013664,0.539606,-0.853268,-0.20664,-0.16408,0.19964
3218.6,0,0,5,5,100,100,-32.186,0.657067,83.5402,0.0148171,-0.00230439,0.0131712,0,0,3.57,0.0875,-0.945,-0.013908,0.541924,-0.847046,-0.20664,-0.16408,0.19964
3218.97,0,0,5,5,100,100,-32.1897,0.677123,83.7126,0.0188405,-0.00357822,0.00661698,0,0,3.4825,0.0525,-0.805,-0.009516,0.540704,-0.853512,-0.20664,-0.16408,0.19964
3219.22,0,0,5,5,100,100,-32.1922,0.694085,83.883,0.0161148,-0.00398016,0.00634452,0,0,3.5,-0.035,-0.8575,-0.011956,0.540338,-0.853756,-0.20664,-0.16408,0.19964
3219.46,0,0,5,5,100,100,-32.1946,0.712066,84.051,0.0170158,-0.00364723,0.00533532,0,0,3.3775,0.07,-0.9625,-0.010736,0.540704,-0.854732,-0.20664,-0.16408,0.19964
3219.13,0,0,5,5,100,100,-32.1913,0.726995,84.2148,0.0138396,-0.00530698,0.00241218,0,0,3.4475,0.2275,-0.9625,-0.013664,0.538996,-0.85766,-0.20664,-0.16408,0.19964
3219.56,0,0,5,5,100,100,-32.1956,0.740191,84.3807,0.0123945,-0.00280318,0.00691948,0,0,3.6225,0.28,-0.98,-0.014884,0.541558,-0.853146,-0.20664,-0.16408,0.19964
3219.45,0,0,5,5,100,100,-32.1945,0.752606,84.5423,0.0116919,-0.00266345,0.00114864,0,0,3.64,0.2275,-0.98,-0.015372,0.54168,-0.85888,-0.20664,-0.16408,0.19964
3219.94,0,0,5,5,100,100,-32.1994,0.765056,84.7009,0.0118391,-0.00334564,0.00860004,0,0,3.5875,0.105,-0.8925,-0.015006,0.54107,-0.851438,-0.20804,-0.15974,0.19782
3220.44,0,0,5,5,100,100,-32.2044,0.775086,84.8582,0.00972026,-0.004761,0.0111339,0,0,3.6225,-0.035,-0.875,-0.016958,0.539728,-0.848876,-0.20804,-0.15974,0.19782
3220.95,0,0,5,5,100,100,-32.2095,0.789275,85.0135,0.0134817,-0.00373524,0.00936236,0,0,3.675,0,-0.805,-0.012932,0.540826,-0.850584,-0.20804,-0.15974,0.19782
3222.06,0,0,5,5,100,100,-32.2206,0.803431,85.1699,0.0137206,-0.000966708,0.0111001,0,0,3.535,-0.035,-0.875,-0.012444,0.543754,-0.848754,-0.20804,-0.15974,0.19782
3222.77,0,0,5,5,100,100,-32.2277,0.817225,85.3228,0.0132369,-0.0011913,0.00709717,0,0,3.4825,0.0175,-0.8225,-0.012688,0.543632,-0.852658,-0.20804,-0.15974,0.19782
3222.5,0,0,5,5,100,100,-32.225,0.830572,85.4695,0.012761,-0.00395966,0.0013402,0,0,3.57,-0.0175,-0.8925,-0.012932,0.540826,-0.858392,-0.20804,-0.15974,0.19782
3222.6,0,0,5,5,100,100,-32.226,0.844448,85.6163,0.0131262,-0.00458311,0.00599998,0,0,3.4825,0,-0.805,-0.012322,0.540216,-0.853756,-0.20804,-0.15974,0.19782
3223,0,0,5,5,100,100,-32.23,0.856927,85.763,0.0118151,-0.00146446,0.00460801,0,0,3.605,0.1575,-0.84,-0.01342,0.543388,-0.855098,-0.20804,-0.15974,0.19782
3223.15,0,0,5,5,100,100,-32.2315,0.870269,85.9096,0.0124327,-0.0045384,0.00655794,0,0,3.5,0.175,-0.84,-0.012566,0.540338,-0.853146,-0.20804,-0.1575,0.20118
3223.57,0,0,5,5,100,100,-32.2357,0.885128,86.0557,0.0138742,-0.00520896,0.0102039,0,0,3.4475,0.1225,-0.8575,-0.010858,0.539728,-0.849486,-0.20804,-0.1575,0.20118
3223.85,0,0,5,5,100,100,-32.2385,0.898725,86.1997,0.012665,-0.00378281,0.00648626,0,0,3.395,0.1925,-0.8225,-0.011834,0.541192,-0.853146,-0.20804,-0.1575,0.20118
3224.09,0,0,5,5,100,100,-32.2409,0.909482,86.3423,0.0100475,-0.00528252,0.00867427,0,0,3.36,0.1225,-0.805,-0.014274,0.539728,-0.85095,-0.20804,-0.1575,0.20118
3224.29,0,0,5,5,100,100,-32.2429,0.919891,86.4835,0.0098659,-0.00531034,0.00865329,0,0,3.5525,0.0175,-0.805,-0.014274,0.539728,-0.85095,-0.20804,-0.1575,0.20118
3224.61,0,0,5,5,100,100,-32.2461,0.93404,86.6234,0.013385,-0.00559917,0.00997289,0,0,3.5525,-0.0525,-0.805,-0.010492,0.539484,-0.849608,-0.20804,-0.1575,0.20118
3224.94,0,0,5,5,100,100,-32.2494,0.94794,86.7618,0.0131425,-0.00564617,0.00993852,0,0,3.395,-0.035,-0.8225,-0.010492,0.539484,-0.849608,-0.20804,-0.1575,0.20118
3224.9,0,0,5,5,100,100,-32.249,0.963625,86.8964,0.0145695,-0.0057601,0.00600394,0,0,3.4125,0.1925,-0.8925,-0.008784,0.539362,-0.853512,-0.20804,-0.1575,0.20118
3224.97,0,0,5,5,100,100,-32.2497,0.976015,87.0309,0.0115592,-0.00430223,0.00550299,0,0,3.5875,0.105,-0.7175,-0.01159,0.540826,-0.854,-0.20804,-0.1575,0.20118
3225.73,0,0,5,5,100,100,-32.2573,0.99075,87.1698,0.0137317,-0.0034358,0.0113295,0,0,3.57,0.14,-0.805,-0.00915,0.541802,-0.848144,-0.21014,-0.15582,0.20832
3226.5,0,0,5,5,100,100,-32.265,1.00534,87.3073,0.0134771,-0.00354592,0.0112548,0,0,3.4475,0.21,-0.7875,-0.00915,0.541802,-0.848144,-0.21014,-0.15582,0.20832
3225.92,0,0,5,5,100,100,-32.2592,1.01769,87.4369,0.0115608,-0.00419169,-0.00185032,0,0,3.5175,0.21,-0.8225,-0.010858,0.54107,-0.861198,-0.21014,-0.15582,0.20832
3226.3,0,0,5,5,100,100,-32.263,1.02936,87.5697,0.0108712,-0.00375801,0.0083155,0,0,3.6925,0.315,-1.0325,-0.011346,0.541558,-0.851072,-0.21014,-0.15582,0.20832
3226.17,0,0,5,5,100,100,-32.2617,1.04008,87.6986,0.00995523,-0.00459174,0.00402167,0,0,3.6225,0.3325,-0.9975,-0.012078,0.540704,-0.855342,-0.21014,-0.15582,0.20832
3226.48,0,0,5,5,100,100,-32.2648,1.04879,87.8283,0.00810237,-0.00304792,0.00595789,0,0,3.325,0.2975,-0.91,-0.013786,0.54229,-0.85339,-0.21014,-0.15582,0.20832
3226.36,0,0,5,5,100,100,-32.2636,1.06201,87.9543,0.0124883,-0.00424855,0.00276924,0,0,3.3775,0.14,-0.91,-0.00915,0.54107,-0.856562,-0.21014,-0.15582,0.20832
3226.63,0,0,5,5,100,100,-32.2663,1.07021,88.0814,0.00772866,-0.00355411,0.00643035,0,0,3.3425,0.175,-0.8575,-0.013786,0.541802,-0.852902,-0.21014,-0.15582,0.20832
3227.18,0,0,5,5,100,100,-32.2718,1.07793,88.2035,0.00747242,-0.00290111,0.00846712,0,0,3.3425,0.0525,-0.8925,-0.013908,0.542534,-0.850828,-0.20552,-0.1596,0.19446
3227.66,0,0,5,5,100,100,-32.2766,1.08913,88.324,0.0108,-0.002971,0.00731207,0,0,3.22,-0.0875,-0.7875,-0.01037,0.542534,-0.851926,-0.20552,-0.1596,0.19446
3227.24,0,0,5,5,100,100,-32.2724,1.09823,88.4391,0.0086975,-0.00754729,0.00525912,0,0,3.36,-0.07,-0.7525,-0.012322,0.537898,-0.854,-0.20552,-0.1596,0.19446
3227.64,0,0,5,5,100,100,-32.2764,1.10718,88.5569,0.00841986,-0.00320838,0.00792402,0,0,3.675,0.105,-0.77,-0.012444,0.54229,-0.851316,-0.20552,-0.1596,0.19446
3227.7,0,0,5,5,100,100,-32.277,1.11689,88.6718,0.00897935,-0.00407016,0.00557976,0,0,3.6925,0.21,-0.7525,-0.011712,0.541436,-0.853634,-0.20552,-0.1596,0.19446
3227.55,0,0,5,5,100,100,-32.2755,1.12763,88.7844,0.0100068,-0.00697716,0.00755777,0,0,3.5525,0.0525,-0.7175,-0.010492,0.538508,-0.851682,-0.20552,-0.1596,0.19446
3227.6,0,0,5,5,100,100,-32.276,1.13303,88.8971,0.00505323,-0.00417507,0.00570704,0,0,3.4825,0.0875,-0.6475,-0.015372,0.541314,-0.853512,-0.20552,-0.1596,0.19446
3227.67,0,0,5,5,100,100,-32.2767,1.14119,89.0082,0.00746199,-0.00589368,0.00840298,0,0,3.5175,0.2275,-0.7875,-0.01281,0.539606,-0.850828,-0.20552,-0.1596,0.19446
3227.67,0,0,5,5,100,100,-32.2767,1.14726,89.1266,0.00565516,-0.00564872,0.00741734,0,0,3.5175,0.245,-0.9275,-0.014518,0.53985,-0.851804,-0.2079,-0.16058,0.20832
3227.85,0,0,5,5,100,100,-32.2785,1.15564,89.2446,0.00793865,-0.00457455,0.00739809,0,0,3.535,0.105,-0.8575,-0.012078,0.540948,-0.851804,-0.2079,-0.16058,0.20832
3227.52,0,0,5,5,100,100,-32.2752,1.16485,89.3589,0.00874987,-0.00488969,0.00213981,0,0,3.5,0.105,-0.7875,-0.011102,0.540582,-0.85705,-0.2079,-0.16058,0.20832
3227.85,0,0,5,5,100,100,-32.2785,1.173,89.4751,0.00763585,-0.00298396,0.00653203,0,0,3.4825,0.1925,-0.84,-0.012078,0.542534,-0.852658,-0.2079,-0.16058,0.20832
3227.85,0,0,5,5,100,100,-32.2785,1.17837,89.5887,0.00511233,-0.00591382,0.00775998,0,0,3.465,0.105,-0.84,-0.014518,0.539606,-0.851438,-0.2079,-0.16058,0.20832
3228.01,0,0,5,5,100,100,-32.2801,1.18341,89.7018,0.00478148,-0.00471445,0.00786695,0,0,3.605,0.175,-0.91,-0.014762,0.540826,-0.851316,-0.2079,-0.16058,0.20832
3227.97,0,0,5,5,100,100,-32.2797,1.19043,89.8122,0.0066027,-0.00690599,0.0090977,0,0,3.64,0.2625,-1.1025,-0.01281,0.53863,-0.850096,-0.2079,-0.16058,0.20832
3228.15,0,0,5,5,100,100,-32.2815,1.1979,89.9228,0.0069583,-0.00509919,0.00834094,0,0,3.535,0.2275,-0.9275,-0.012322,0.54046,-0.850828,-0.2079,-0.16058,0.20832
3228.29,0,0,5,5,100,100,-32.2829,1.20355,90.0321,0.00528041,-0.00462931,0.00709724,0,0,3.43,0.1925,-0.84,-0.013908,0.540948,-0.852048,-0.2079,-0.16058,0.20832
3228.66,0,0,5,5,100,100,-32.2866,1.21075,90.1374,0.00673406,-0.00419489,0.00853531,0,0,3.255,0.1925,-0.8925,-0.012322,0.541436,-0.850584,-0.2065,-0.1589,0.20188
3228.37,0,0,5,5,100,100,-32.2837,1.21813,90.2384,0.00684835,-0.00757018,0.00671583,0,0,3.29,0.2275,-0.8925,-0.012078,0.53802,-0.852414,-0.2065,-0.1589,0.20188
3228.62,0,0,5,5,100,100,-32.2862,1.2262,90.3409,0.00731485,-0.00467357,0.00804295,0,0,3.3775,0.2975,-0.7875,-0.011468,0.540948,-0.851072,-0.2065,-0.1589,0.20188
3229.02,0,0,5,5,100,100,-32.2902,1.23342,90.4433,0.00658151,-0.00375424,0.00837214,0,0,3.3775,0.2625,-0.805,-0.012078,0.541924,-0.850706,-0.2065,-0.1589,0.20188
3229.05,0,0,5,5,100,100,-32.2905,1.24202,90.5429,0.00801079,-0.00339048,0.00406346,0,0,3.605,0.245,-0.805,-0.010492,0.54229,-0.854976,-0.2065,-0.1589,0.20188
3229.55,0,0,5,5,100,100,-32.2955,1.24875,90.6438,0.0064355,-0.00260856,0.00794868,0,0,3.5,0.0875,-0.8575,-0.011956,0.543144,-0.851072,-0.2065,-0.1589,0.20188
3229.28,0,0,5,5,100,100,-32.2928,1.2541,90.7402,0.00524884,-0.00501007,0.00354604,0,0,3.535,0,-0.7175,-0.013054,0.540704,-0.855464,-0.2065,-0.1589,0.20188
3229.12,0,0,5,5,100,100,-32.2912,1.2606,90.8357,0.00635025,-0.00461922,0.00368151,0,0,3.36,0.07,-0.8575,-0.011834,0.54107,-0.855342,-0.2065,-0.1589,0.20188
3228.56,0,0,5,5,100,100,-32.2856,1.26539,90.9282,0.00456589,-0.00453562,-0.000816935,0,0,3.29,0.315,-0.875,-0.013542,0.54107,-0.859856,-0.2072,-0.15834,0.20342
3228.88,0,0,5,5,100,100,-32.2888,1.27036,91.0241,0.00447906,-0.00299407,0.00665153,0,0,3.43,0.315,-0.805,-0.013542,0.542656,-0.852414,-0.2072,-0.15834,0.20342
3228.84,0,0,5,5,100,100,-32.2884,1.27621,91.1174,0.00547041,-0.00481891,0.00530087,0,0,3.325,0.1925,-0.7875,-0.012444,0.540826,-0.853756,-0.2072,-0.15834,0.20342
3228.57,0,0,5,5,100,100,-32.2857,1.282,91.2083,0.00549091,-0.00709811,0.00630783,0,0,3.29,0.175,-0.8925,-0.012322,0.538508,-0.85278,-0.2072,-0.15834,0.20342
3228.67,0,0,5,5,100,100,-32.2867,1.28731,91.3,0.00515528,-0.00479099,0.00654287,0,0,3.2025,0.0875,-0.875,-0.012566,0.540826,-0.852536,-0.2072,-0.15834,0.20342
3229.04,0,0,5,5,100,100,-32.2904,1.29394,91.3922,0.00637589,-0.0044773,0.00921136,0,0,3.395,0.0525,-0.91,-0.011224,0.541192,-0.849852,-0.2072,-0.15834,0.20342
3228.34,0,0,5,5,100,100,-32.2834,1.30225,91.4784,0.00793166,-0.00657187,0.00103545,0,0,3.5175,0.175,-0.7875,-0.009516,0.538996,-0.858026,-0.2072,-0.15834,0.20342
3228.5,0,0,5,5,100,100,-32.285,1.30926,91.5679,0.00671604,-0.00292971,0.00470694,0,0,3.5175,0.07,-0.7525,-0.010614,0.542656,-0.854366,-0.2072,-0.15834,0.20342
3228.72,0,0,5,5,100,100,-32.2872,1.31454,91.6714,0.0050445,-0.00454869,0.00788131,0,0,3.43,0.0525,-0.77,-0.0122,0.54107,-0.851194,-0.20188,-0.15736,0.20972
3228.72,0,0,5,5,100,100,-32.2872,1.32059,91.7728,0.00591081,-0.00564643,0.00701868,0,0,3.395,-0.0525,-0.7525,-0.011224,0.539972,-0.852048,-0.20188,-0.15736,0.20972
3229,0,0,5,5,100,100,-32.29,1.32941,91.8705,0.00235535,-0.00483021,0.009449,0,0,3.57,4.445,-0.8575,-0.01464,0.540826,-0.849608,-0.20188,-0.15736,0.20972
3228.82,0,0,5,5,100,100,-32.2882,1.33374,91.9688,0.00422356,-0.00700101,0.00811186,0,0,3.745,0.1575,-1.015,-0.012688,0.53863,-0.85095,-0.20188,-0.15736,0.20972
3229,0,0,5,5,100,100,-32.29,1.33788,92.068,0.00402991,-0.00385252,0.00723229,0,0,3.7625,0.105,-0.8925,-0.01281,0.541802,-0.851804,-0.20188,-0.15736,0.20972
3229.14,0,0,5,5,100,100,-32.2914,1.33988,92.1656,0.00205126,-0.00436044,0.00721906,0,0,3.5175,0.1575,-0.98,-0.014762,0.541314,-0.851804,-0.20188,-0.15736,0.20972
3229.41,0,0,5,5,100,100,-32.2941,1.34391,92.2627,0.00392463,-0.00500959,0.00915994,0,0,3.3775,0.0875,-0.9275,-0.01281,0.540704,-0.849852,-0.20188,-0.15736,0.20972
3229.71,0,0,5,5,100,100,-32.2971,1.34798,92.3591,0.00373216,-0.00407645,0.00839255,0,0,3.5175,0.245,-0.8925,-0.012932,0.54168,-0.850584,-0.20188,-0.15736,0.20972
3229.54,0,0,5,5,100,100,-32.2954,1.35221,92.4412,0.00377992,-0.00808145,0.00951294,0,0,3.4475,0.2625,-0.8225,-0.01281,0.537654,-0.849486,-0.20622,-0.161,0.2058
3229.25,0,0,5,5,100,100,-32.2925,1.35548,92.5219,0.00335837,-0.00693752,0.00646594,0,0,3.535,0.035,-0.875,-0.013176,0.538752,-0.852536,-0.20622,-0.161,0.2058
3229.12,0,0,5,5,100,100,-32.2912,1.36298,92.6024,0.007601,-0.00325326,0.0019261,0,0,3.5,-0.0525,-0.91,-0.008784,0.542412,-0.85705,-0.20622,-0.161,0.2058
3229.35,0,0,5,5,100,100,-32.2935,1.36762,92.6839,0.0044829,-0.0040192,0.00731259,0,0,3.43,0.035,-0.77,-0.011834,0.54168,-0.851682,-0.20622,-0.161,0.2058
3229.79,0,0,5,5,100,100,-32.2979,1.37487,92.7656,0.00678598,-0.00444886,0.00997387,0,0,3.43,0.0525,-0.77,-0.009394,0.541314,-0.848998,-0.20622,-0.161,0.2058
3230.13,0,0,5,5,100,100,-32.3013,1.38181,92.8458,0.00666503,-0.00388704,0.00834124,0,0,3.5875,0.0875,-0.9625,-0.009394,0.541924,-0.850584,-0.20622,-0.161,0.2058
3229.72,0,0,5,5,100,100,-32.2972,1.38663,92.9215,0.00475854,-0.00638952,0.00407494,0,0,3.5,0.14,-0.875,-0.011224,0.539362,-0.854854,-0.20622,-0.161,0.2058
3229.41,0,0,5,5,100,100,-32.2941,1.38901,92.9969,0.00265188,-0.00573327,0.00410259,0,0,3.3075,-0.0175,-0.84,-0.013298,0.539972,-0.854854,-0.20622,-0.161,0.2058
3229.09,0,0,5,5,100,100,-32.2909,1.3886,93.0714,0.000229212,-0.00483089,0.00278037,0,0,3.3075,-0.0875,-0.875,-0.015738,0.540826,-0.856196,-0.20622,-0.161,0.2058
3228.88,0,0,5,5,100,100,-32.2888,1.39133,93.1453,0.00297584,-0.00504313,0.00378282,0,0,3.2025,0.07,-0.9625,-0.012932,0.540582,-0.85522,-0.20496,-0.16408,0.20412
3228.75,0,0,5,5,100,100,-32.2875,1.39104,93.2189,-0.000177721,-0.00820015,0.0100649,0,0,3.1675,0.1225,-0.875,-0.016104,0.53741,-0.848998,-0.20496,-0.16408,0.20412
3228.44,0,0,5,5,100,100,-32.2844,1.39519,93.2907,0.00388025,-0.007543,0.00689554,0,0,3.36,0.2625,-0.875,-0.011956,0.53802,-0.85217,-0.20496,-0.16408,0.20412
3228.46,0,0,5,5,100,100,-32.2846,1.39922,93.3636,0.00368843,-0.00583534,0.0079987,0,0,3.4475,0.21,-0.7875,-0.012078,0.539728,-0.851072,-0.20496,-0.16408,0.20412
3228.34,0,0,5,5,100,100,-32.2834,1.4035,93.4352,0.00446423,-0.00520601,0.00554939,0,0,3.535,-0.0525,-0.8925,-0.011224,0.540338,-0.853512,-0.20496,-0.16408,0.20412
3228.08,0,0,5,5,100,100,-32.2808,1.40584,93.5053,0.00272266,-0.00431159,0.00262241,0,0,3.465,-0.0525,-0.84,-0.012932,0.541192,-0.85644,-0.20496,-0.16408,0.20412
3228.26,0,0,5,5,100,100,-32.2826,1.41245,93.5762,0.00600884,-0.00519192,0.00801272,0,0,3.22,0.2975,-0.84,-0.009516,0.540338,-0.851072,-0.20496,-0.16408,0.20412
3228.23,0,0,5,5,100,100,-32.2823,1.41397,93.6458,0.00160893,-0.00506505,0.00641661,0,0,3.4125,0.07,-0.805,-0.013908,0.54046,-0.852658,-0.20496,-0.16408,0.20412
3228.31,0,0,5,5,100,100,-32.2831,1.4165,93.711,0.00253653,-0.00470891,0.00726949,0,0,3.605,0.07,-0.8225,-0.012932,0.540826,-0.851804,-0.20566,-0.16478,0.20104
3228.74,0,0,5,5,100,100,-32.2874,1.42182,93.7772,0.00499506,-0.0029397,0.0080878,0,0,3.5875,0.1225,-0.84,-0.01037,0.542656,-0.85095,-0.20566,-0.16478,0.20104
3228.68,0,0,5,5,100,100,-32.2868,1.42525,93.8404,0.00359874,-0.00439587,0.00514119,0,0,3.57,0.0175,-0.8925,-0.011712,0.541192,-0.853878,-0.20566,-0.16478,0.20104
3228.63,0,0,5,5,100,100,-32.2863,1.43205,93.9029,0.0067602,-0.00572989,0.00686489,0,0,3.535,-0.0175,-0.9275,-0.008418,0.53985,-0.85217,-0.20566,-0.16478,0.20104
3228.6,0,0,5,5,100,100,-32.286,1.43879,93.9648,0.0066426,-0.00572375,0.00686528,0,0,3.4125,-0.0175,-0.8575,-0.008418,0.53985,-0.85217,-0.20566,-0.16478,0.20104
3228.53,0,0,5,5,100,100,-32.2853,1.44083,94.0259,0.00223356,-0.00498023,0.00588743,0,0,3.465,0,-0.8225,-0.01281,0.540582,-0.853146,-0.20566,-0.16478,0.20104
3228.48,0,0,5,5,100,100,-32.2848,1.44296,94.0861,0.00219642,-0.00497299,0.0058909,0,0,3.3425,0.1225,-0.875,-0.01281,0.540582,-0.853146,-0.20566,-0.16478,0.20104
3228.68,0,0,5,5,100,100,-32.2868,1.44366,94.1469,0.000604931,-0.00549108,0.0098062,0,0,3.4475,0.21,-0.91,-0.014396,0.540094,-0.849242,-0.20566,-0.16478,0.20104
3228.86,0,0,5,5,100,100,-32.2886,1.44439,94.2082,0.000592086,-0.00551658,0.00978971,0,0,3.57,0.28,-0.9625,-0.014396,0.540094,-0.849242,-0.20426,-0.15918,0.1995
3229.11,0,0,5,5,100,100,-32.2911,1.44534,94.2693,0.000697056,-0.00592065,0.0108719,0,0,3.3425,0.2275,-0.8225,-0.014274,0.539728,-0.848144,-0.20426,-0.15918,0.1995
3229.37,0,0,5,5,100,100,-32.2937,1.44613,94.3298,0.000683349,-0.00595863,0.0108475,0,0,3.29,0.14,-0.84,-0.014274,0.539728,-0.848144,-0.20426,-0.15918,0.1995
3229.47,0,0,5,5,100,100,-32.2947,1.4475,94.3889,0.00150983,-0.00243111,0.00321505,0,0,3.185,0.1225,-0.8225,-0.01342,0.543266,-0.855708,-0.20426,-0.15918,0.1995
3229.59,0,0,5,5,100,100,-32.2959,1.44922,94.4476,0.00160125,-0.0040358,0.0062771,0,0,3.3425,0.175,-0.7525,-0.013298,0.54168,-0.852658,-0.20426,-0.15918,0.1995
3229.43,0,0,5,5,100,100,-32.2943,1.45407,94.5045,0.00455376,-0.00755268,0.00862625,0,0,3.4475,0.14,-0.77,-0.010248,0.538142,-0.85034,-0.20426,-0.15918,0.1995
3229.58,0,0,5,5,100,100,-32.2958,1.45577,94.5623,0.00148695,-0.00574249,0.00947228,0,0,3.4125,0.14,-0.7175,-0.013298,0.539972,-0.849486,-0.20426,-0.15918,0.1995
3230.11,0,0,5,5,100,100,-32.3011,1.45953,94.6211,0.00324363,-0.00252189,0.00819226,0,0,3.3425,0.28,-0.77,-0.011468,0.543266,-0.850706,-0.20426,-0.15918,0.1995
3230.12,0,0,5,5,100,100,-32.3012,1.46058,94.6768,0.00116002,-0.00423346,0.00499391,0,0,3.0975,0.0875,-0.7525,-0.013542,0.541558,-0.853878,-0.20426,-0.15918,0.1995
3230.73,0,0,5,5,100,100,-32.3073,1.46247,94.7394,0.00173458,-0.0039569,0.0114524,0,0,3.3075,0.0525,-0.84,-0.012932,0.541924,-0.847412,-0.20146,-0.16408,0.20034
3230.9,0,0,5,5,100,100,-32.309,1.46583,94.7992,0.00337679,-0.00446948,0.0071322,0,0,3.2725,0.105,-0.9625,-0.011224,0.541436,-0.851682,-0.20146,-0.16408,0.20034
3230.75,0,0,5,5,100,100,-32.3075,1.46883,94.8567,0.00295996,-0.00530076,0.00517837,0,0,3.395,0.245,-0.945,-0.01159,0.540582,-0.853634,-0.20146,-0.16408,0.20034
3230.63,0,0,5,5,100,100,-32.3063,1.46984,94.9138,0.000877047,-0.00540505,0.0061727,0,0,3.4825,0.35,-0.91,-0.013664,0.54046,-0.852658,-0.20146,-0.16408,0.20034
3230.31,0,0,5,5,100,100,-32.3031,1.47184,94.9694,0.00181399,-0.00682274,0.00607893,0,0,3.4825,0.3325,-0.84,-0.012688,0.538996,-0.85278,-0.20146,-0.16408,0.20034
3230.23,0,0,5,5,100,100,-32.3023,1.47521,95.0258,0.00309159,-0.00693324,0.00903526,0,0,3.5875,0.21,-0.8225,-0.011346,0.538874,-0.849852,-0.20146,-0.16408,0.20034
3229.91,0,0,5,5,100,100,-32.2991,1.47644,95.0803,0.00124779,-0.00737363,0.00709784,0,0,3.535,0.175,-0.805,-0.013176,0.538386,-0.851804,-0.20146,-0.16408,0.20034
3229.67,0,0,5,5,100,100,-32.2967,1.48032,95.1343,0.00397424,-0.0046502,0.00281574,0,0,3.2725,0.1575,-0.8925,-0.01037,0.54107,-0.856074,-0.20146,-0.16408,0.20034
3229.56,0,0,5,5,100,100,-32.2956,1.48391,95.1886,0.00330426,-0.00573224,0.00651309,0,0,3.5,0.3325,-0.91,-0.01098,0.539972,-0.852414,-0.2044,-0.16044,0.20482
3229.16,0,0,5,5,100,100,-32.2916,1.48528,95.2409,0.00170094,-0.00689538,0.00556551,0,0,3.57,0.1575,-1.0675,-0.012566,0.538752,-0.85339,-0.2044,-0.16044,0.20482
3229.14,0,0,5,5,100,100,-32.2914,1.48623,95.2943,0.00107696,-0.00444988,0.00581277,0,0,3.5175,0.245,-1.05,-0.013176,0.541192,-0.853146,-0.2044,-0.16044,0.20482
3229.18,0,0,5,5,100,100,-32.2918,1.48875,95.3474,0.00261243,-0.00396529,0.0051942,0,0,3.4125,0.175,-0.9975,-0.01159,0.54168,-0.853756,-0.2044,-0.16044,0.20482
3229.82,0,0,5,5,100,100,-32.2982,1.48967,95.4031,0.000652489,-0.0028386,0.0107896,0,0,3.5875,0.21,-0.8925,-0.013542,0.5429,-0.848144,-0.2044,-0.16044,0.20482
3230.25,0,0,5,5,100,100,-32.3025,1.49096,95.4575,0.001116,-0.00253516,0.00804421,0,0,3.6575,0.1925,-0.8575,-0.013054,0.543266,-0.850828,-0.2044,-0.16044,0.20482
3230.19,0,0,5,5,100,100,-32.3019,1.49408,95.5089,0.00288384,-0.00606828,0.00780205,0,0,3.535,0.2275,-0.8225,-0.011224,0.539728,-0.851072,-0.2044,-0.16044,0.20482
3230.07,0,0,5,5,100,100,-32.3007,1.49765,95.5599,0.00342889,-0.00690456,0.00867252,0,0,3.71,0.07,-0.735,-0.010614,0.538874,-0.850218,-0.2044,-0.16044,0.20482
3230.02,0,0,5,5,100,100,-32.3002,1.49772,95.606,0.000147679,-0.00518619,0.00720253,0,0,3.78,0.105,-0.77,-0.013908,0.540582,-0.851682,-0.20426,-0.16282,0.20034
3230.1,0,0,5,5,100,100,-32.301,1.49837,95.6519,0.00062223,-0.00580906,0.00940752,0,0,3.64,0.1575,-0.875,-0.01342,0.539972,-0.849486,-0.20426,-0.16282,0.20034
3230.03,0,0,5,5,100,100,-32.3003,1.50024,95.6966,0.00204739,-0.00433263,0.00498726,0,0,3.535,0.07,-0.84,-0.011956,0.541436,-0.853878,-0.20426,-0.16282,0.20034
3230.13,0,0,5,5,100,100,-32.3013,1.50402,95.7416,0.00380383,-0.00532366,0.00792712,0,0,3.3775,0.0175,-0.875,-0.010126,0.54046,-0.85095,-0.20426,-0.16282,0.20034
3230.39,0,0,5,5,100,100,-32.3039,1.50504,95.787,0.00135621,-0.00365264,0.00753322,0,0,3.4475,-0.07,-0.9275,-0.012566,0.542168,-0.851316,-0.20426,-0.16282,0.20034
3230.22,0,0,5,5,100,100,-32.3022,1.50623,95.8294,0.00157843,-0.00606979,0.00631914,0,0,3.36,0.07,-1.05,-0.012322,0.539728,-0.852536,-0.20426,-0.16282,0.20034
3230.51,0,0,5,5,100,100,-32.3051,1.50731,95.8738,0.00131658,-0.00415822,0.00875067,0,0,3.5175,-0.0175,-0.9625,-0.012566,0.54168,-0.850096,-0.20426,-0.16282,0.20034
3230.28,0,0,5,5,100,100,-32.3028,1.508,95.9153,0.00118312,-0.00436715,0.00323995,0,0,3.5175,0.0175,-0.9275,-0.012688,0.541436,-0.855586,-0.20426,-0.16282,0.20034
3230.55,0,0,5,5,100,100,-32.3055,1.5123,95.9533,0.00426664,-0.00343018,0.00739254,0,0,3.6225,0,-0.84,-0.009516,0.542412,-0.851438,-0.20664,-0.1582,0.19754
3230.06,0,0,5,5,100,100,-32.3006,1.51306,95.9873,0.00121629,-0.00714304,0.00485641,0,0,3.5525,-0.07,-0.735,-0.012566,0.53863,-0.854,-0.20664,-0.1582,0.19754
3229.91,0,0,5,5,100,100,-32.2991,1.51774,96.0227,0.00465777,-0.00504369,0.00474557,0,0,3.43,-0.0175,-0.6125,-0.009028,0.540704,-0.854122,-0.20664,-0.1582,0.19754
3229.96,0,0,5,5,100,100,-32.2996,1.52114,96.0581,0.003505,-0.00419527,0.00560026,0,0,3.36,0.035,-0.84,-0.010126,0.541558,-0.853268,-0.20664,-0.1582,0.19754
3229.79,0,0,5,5,100,100,-32.2979,1.52156,96.0921,0.000582093,-0.00551389,0.00598454,0,0,3.5525,0.1225,-0.8225,-0.013054,0.540216,-0.852902,-0.20664,-0.1582,0.19754
3229.5,0,0,5,5,100,100,-32.295,1.52077,96.1252,-0.000133023,-0.00571575,0.00502818,0,0,3.5525,-0.07,-0.9275,-0.013786,0.539972,-0.853878,-0.20664,-0.1582,0.19754
3229.39,0,0,5,5,100,100,-32.2939,1.52289,96.1586,0.00262409,-0.00459948,0.00466899,0,0,3.43,-0.07,-0.9625,-0.01098,0.54107,-0.854244,-0.20664,-0.1582,0.19754
3229.51,0,0,5,5,100,100,-32.2951,1.52152,96.1926,-0.00111803,-0.00608326,0.00982204,0,0,3.325,0.0525,-0.91,-0.014762,0.539606,-0.84912,-0.20664,-0.1582,0.19754
3229.76,0,0,5,5,100,100,-32.2976,1.52239,96.2273,0.000932026,-0.00428814,0.00881473,0,0,3.6225,0.0175,-0.805,-0.012688,0.541436,-0.850096,-0.20664,-0.1582,0.19754
3229.7,0,0,5,5,100,100,-32.297,1.52382,96.2661,0.00175742,-0.00562115,0.00697628,0,0,3.4825,-0.105,-0.77,-0.011834,0.540094,-0.851926,-0.20594,-0.15904,0.20244
3229.87,0,0,5,5,100,100,-32.2987,1.52549,96.3055,0.00184992,-0.00332606,0.00572987,0,0,3.325,-0.0175,-0.7875,-0.011712,0.542412,-0.853146,-0.20594,-0.15904,0.20244
3229.66,0,0,5,5,100,100,-32.2966,1.52582,96.3421,0.000750782,-0.00573747,0.00538052,0,0,3.3425,0.0875,-0.9975,-0.01281,0.539972,-0.853512,-0.20594,-0.15904,0.20244
3229.29,0,0,5,5,100,100,-32.2929,1.52708,96.3777,0.00145772,-0.0064147,0.00492313,0,0,3.535,0.2275,-0.9625,-0.012078,0.53924,-0.854,-0.20594,-0.15904,0.20244
3229.04,0,0,5,5,100,100,-32.2904,1.5284,96.4134,0.00131309,-0.00479062,0.00371594,0,0,3.4825,0.315,-0.8575,-0.0122,0.540826,-0.85522,-0.20594,-0.15904,0.20244
3228.54,0,0,5,5,100,100,-32.2854,1.53025,96.4477,0.00200984,-0.00691395,0.00425408,0,0,3.57,0.2275,-0.8925,-0.011468,0.53863,-0.854732,-0.20594,-0.15904,0.20244
3228.48,0,0,5,5,100,100,-32.2848,1.53191,96.4836,0.00185936,-0.00470743,0.0061026,0,0,3.6925,0.1575,-1.0325,-0.01159,0.540826,-0.852902,-0.20594,-0.15904,0.20244
3228.26,0,0,5,5,100,100,-32.2826,1.53147,96.5182,4.4694e-05,-0.00565162,0.00550883,0,0,3.5,0.07,-0.9975,-0.01342,0.53985,-0.853512,-0.20594,-0.15904,0.20244
3228.38,0,0,5,5,100,100,-32.2838,1.53145,96.5552,4.51019e-05,-0.00469291,0.00771035,0,0,3.4125,0.14,-0.8575,-0.01342,0.540826,-0.851316,-0.20846,-0.16058,0.20762
3228.17,0,0,5,5,100,100,-32.2817,1.53415,96.5904,0.00315664,-0.00624863,0.00588481,0,0,3.3425,-0.105,-0.8925,-0.010248,0.53924,-0.853146,-0.20846,-0.16058,0.20762
3228.56,0,0,5,5,100,100,-32.2856,1.53427,96.6278,0.000724827,-0.00129848,0.00498806,0,0,3.29,-0.14,-1.015,-0.012688,0.544242,-0.854,-0.20846,-0.16058,0.20762
3228.9,0,0,5,5,100,100,-32.289,1.53367,96.6647,-0.000479674,-0.00354766,0.00839879,0,0,3.395,0.0875,-0.8925,-0.013908,0.542046,-0.850584,-0.20846,-0.16058,0.20762
3227.8,0,0,5,5,100,100,-32.278,1.53749,96.6942,0.00419161,-0.00851388,-0.000598472,0,0,3.395,0.2625,-0.875,-0.00915,0.536922,-0.859612,-0.20846,-0.16058,0.20762
3227.67,0,0,5,5,100,100,-32.2767,1.53891,96.728,0.00161565,-0.00446414,0.00408514,0,0,3.3075,0.14,-0.8575,-0.011712,0.540948,-0.854976,-0.20846,-0.16058,0.20762
3227.53,0,0,5,5,100,100,-32.2753,1.54148,96.7615,0.00266428,-0.00639707,0.00692485,0,0,3.3075,0.0875,-0.84,-0.010614,0.538996,-0.85217,-0.20846,-0.16058,0.20762
3227.72,0,0,5,5,100,100,-32.2772,1.54441,96.7962,0.00273454,-0.00410275,0.00739854,0,0,3.5525,0.21,-0.8575,-0.010492,0.541314,-0.851682,-0.20846,-0.16058,0.20762
3228.1,0,0,5,5,100,100,-32.281,1.54656,96.8274,0.00160379,-0.00305976,0.00797662,0,0,3.465,0.4375,-0.875,-0.01159,0.542412,-0.851072,-0.20762,-0.1603,0.20244
3228.25,0,0,5,5,100,100,-32.2825,1.54744,96.8572,0.000738031,-0.00479166,0.00783921,0,0,3.29,0.2625,-0.875,-0.012444,0.540704,-0.851194,-0.20762,-0.1603,0.20244
3228.07,0,0,5,5,100,100,-32.2807,1.54738,96.8849,1.00284e-05,-0.00378746,0.00244667,0,0,3.2375,0.3325,-0.84,-0.013176,0.54168,-0.856562,-0.20762,-0.1603,0.20244
3228.27,0,0,5,5,100,100,-32.2827,1.54891,96.9144,0.00144116,-0.00479343,0.00832905,0,0,3.3075,0.21,-0.9275,-0.011712,0.540704,-0.850706,-0.20762,-0.1603,0.20244
3228.13,0,0,5,5,100,100,-32.2813,1.54912,96.942,0.00046576,-0.007338,0.00871048,0,0,3.3075,0.0525,-0.8925,-0.012688,0.538142,-0.85034,-0.20762,-0.1603,0.20244
3228.31,0,0,5,5,100,100,-32.2831,1.55174,96.9712,0.00260667,-0.00443262,0.00734037,0,0,3.2725,0.0175,-0.7175,-0.010492,0.54107,-0.851682,-0.20762,-0.1603,0.20244
3228.71,0,0,5,5,100,100,-32.2871,1.55329,97.001,0.00136478,-0.00339181,0.00840918,0,0,3.325,0.14,-0.7875,-0.011712,0.542168,-0.850584,-0.20762,-0.1603,0.20244
3228.63,0,0,5,5,100,100,-32.2863,1.55482,97.0283,0.00158102,-0.00533453,0.00657125,0,0,3.535,0.175,-0.875,-0.011468,0.540216,-0.852414,-0.20762,-0.1603,0.20244
3229.15,0,0,5,5,100,100,-32.2915,1.55151,97.0579,-0.00334209,-0.00284664,0.00972125,0,0,3.4825,0.175,-0.84,-0.01647,0.542778,-0.849242,-0.20762,-0.1603,0.20244
3229.07,0,0,5,5,100,100,-32.2907,1.55261,97.0789,0.00137669,-0.00527759,0.0065313,0,0,3.5525,0.0175,-0.8575,-0.011712,0.540338,-0.852414,-0.20818,-0.16226,0.19782
3229.37,0,0,5,5,100,100,-32.2937,1.55814,97.1014,0.00504624,-0.00641876,0.0122802,0,0,3.6575,0.2275,-0.9625,-0.00793,0.53924,-0.84668,-0.20818,-0.16226,0.19782
3229.13,0,0,5,5,100,100,-32.2913,1.55981,97.1211,0.00185853,-0.00504013,0.00455579,0,0,3.675,0.175,-0.91,-0.011102,0.540582,-0.854366,-0.20818,-0.16226,0.19782
3229.5,0,0,5,5,100,100,-32.295,1.5622,97.1434,0.00218123,-0.00497126,0.0110371,0,0,3.6225,0.1575,-0.945,-0.010736,0.540704,-0.8479,-0.20818,-0.16226,0.19782
3229.85,0,0,5,5,100,100,-32.2985,1.56478,97.1653,0.00213631,-0.00502252,0.0110032,0,0,3.64,0.35,-0.9975,-0.010736,0.540704,-0.8479,-0.20818,-0.16226,0.19782
3229.25,0,0,5,5,100,100,-32.2925,1.56373,97.1824,-0.000639532,-0.00566797,0.00159194,0,0,3.5875,0.28,-0.9275,-0.013542,0.539972,-0.857294,-0.20818,-0.16226,0.19782
3229.37,0,0,5,5,100,100,-32.2937,1.56442,97.2025,0.00032027,-0.00495146,0.00772871,0,0,3.3075,0.3675,-0.7525,-0.012566,0.540704,-0.851194,-0.20818,-0.16226,0.19782
3229.44,0,0,5,5,100,100,-32.2944,1.56551,97.2223,0.000787175,-0.00520601,0.00784453,0,0,3.4125,0.385,-0.875,-0.012078,0.54046,-0.851072,-0.20818,-0.16226,0.19782
3229.51,0,0,5,5,100,100,-32.2951,1.56634,97.2524,0.000772675,-0.00521622,0.00783761,0,0,3.4125,0.2625,-0.945,-0.012078,0.54046,-0.851072,-0.20832,-0.16492,0.20916
3229.15,0,0,5,5,100,100,-32.2915,1.57038,97.2802,0.0039824,-0.00601686,0.00368937,0,0,3.3425,0.35,-0.9275,-0.008784,0.539606,-0.85522,-0.20832,-0.16492,0.20916
3228.78,0,0,5,5,100,100,-32.2878,1.574,97.308,0.00391911,-0.0059617,0.00372217,0,0,3.43,0.105,-0.91,-0.008784,0.539606,-0.85522,-0.20832,-0.16492,0.20916
3228.19,0,0,5,5,100,100,-32.2819,1.5768,97.3343,0.0032629,-0.00575197,0.000948119,0,0,3.43,0.1225,-0.8925,-0.009394,0.539728,-0.858026,-0.20832,-0.16492,0.20916
3228.17,0,0,5,5,100,100,-32.2817,1.58022,97.3633,0.00344618,-0.00525966,0.00697305,0,0,3.605,0.105,-0.875,-0.00915,0.540216,-0.852048,-0.20832,-0.16492,0.20916
3228.11,0,0,5,5,100,100,-32.2811,1.58397,97.3919,0.00362378,-0.00622702,0.00832944,0,0,3.745,0.1225,-0.805,-0.008906,0.53924,-0.850706,-0.20832,-0.16492,0.20916
3228.09,0,0,5,5,100,100,-32.2809,1.5875,97.4201,0.0035621,-0.00622226,0.00833043,0,0,3.57,0.1225,-0.9625,-0.008906,0.53924,-0.850706,-0.20832,-0.16492,0.20916
3227.57,0,0,5,5,100,100,-32.2757,1.58832,97.4456,0.00136106,-0.00480236,0.000632533,0,0,3.5,0.0875,-0.84,-0.011102,0.540582,-0.858392,-0.20832,-0.16492,0.20916
3227.53,0,0,5,5,100,100,-32.2753,1.58707,97.4713,-0.000925386,-0.0051637,0.00727565,0,0,3.6575,0,-0.805,-0.01342,0.540216,-0.851804,-0.20776,-0.15988,0.20538
3227.27,0,0,5,5,100,100,-32.2727,1.58978,97.4956,0.00267204,-0.00634566,0.00619239,0,0,3.675,0.1925,-0.7875,-0.00976,0.538996,-0.852902,-0.20776,-0.15988,0.20538
3227.25,0,0,5,5,100,100,-32.2725,1.5891,97.5202,-0.000596334,-0.00451058,0.00619479,0,0,3.5875,0.315,-1.015,-0.013054,0.540826,-0.852902,-0.20776,-0.15988,0.20538
3227.22,0,0,5,5,100,100,-32.2722,1.58706,97.5445,-0.00189698,-0.00438514,0.0058292,0,0,3.4475,0.245,-0.8925,-0.014396,0.540948,-0.853268,-0.20776,-0.15988,0.20538
3227.13,0,0,5,5,100,100,-32.2713,1.58725,97.5681,0.000286466,-0.00559322,0.00657511,0,0,3.36,0.28,-0.9975,-0.0122,0.539728,-0.852536,-0.20776,-0.15988,0.20538
3226.05,0,0,5,5,100,100,-32.2605,1.5877,97.5868,0.00125039,-0.00860808,3.69199e-05,0,0,3.4475,0.175,-0.98,-0.011224,0.536556,-0.859124,-0.20776,-0.15988,0.20538
3225.94,0,0,5,5,100,100,-32.2594,1.58833,97.6103,0.00111788,-0.00505021,0.00570241,0,0,3.5,-0.035,-0.9275,-0.011346,0.540094,-0.853512,-0.20776,-0.15988,0.20538
3226.08,0,0,5,5,100,100,-32.2608,1.58958,97.6347,0.00146059,-0.00311775,0.00556514,0,0,3.5175,0.0875,-0.945,-0.01098,0.542046,-0.853634,-0.20776,-0.15988,0.20538
3226.2,0,0,5,5,100,100,-32.262,1.5898,97.6554,0.000484844,-0.00398925,0.00666106,0,0,3.5175,0,-0.84,-0.011956,0.541192,-0.852536,-0.20818,-0.16268,0.20314
3226.23,0,0,5,5,100,100,-32.2623,1.59069,97.6753,0.000955217,-0.00497068,0.00690366,0,0,3.36,0.1225,-0.805,-0.011468,0.540216,-0.852292,-0.20818,-0.16268,0.20314
3226.24,0,0,5,5,100,100,-32.2624,1.59151,97.6951,0.00142687,-0.00411696,0.00518117,0,0,3.325,-0.1575,-0.8925,-0.01098,0.54107,-0.854,-0.20818,-0.16268,0.20314
3226.1,0,0,5,5,100,100,-32.261,1.58938,97.7139,-0.00133015,-0.00544067,0.00593251,0,0,3.325,-0.2275,-0.8225,-0.013786,0.539728,-0.853268,-0.20818,-0.16268,0.20314
3226.11,0,0,5,5,100,100,-32.2611,1.58717,97.7334,-0.00165601,-0.0033669,0.00482573,0,0,3.535,-0.1225,-0.7525,-0.014152,0.541802,-0.854366,-0.20818,-0.16268,0.20314
3226.24,0,0,5,5,100,100,-32.2624,1.58765,97.7533,0.000886855,-0.00301893,0.00530564,0,0,3.5525,-0.105,-0.805,-0.01159,0.542168,-0.853878,-0.20818,-0.16268,0.20314
3226.33,0,0,5,5,100,100,-32.2633,1.58768,97.7725,0.000521827,-0.00400943,0.00640364,0,0,3.5,-0.0525,-0.98,-0.011956,0.541192,-0.85278,-0.20818,-0.16268,0.20314
3226.41,0,0,5,5,100,100,-32.2641,1.58656,97.7914,-0.000794956,-0.00524206,0.00824134,0,0,3.465,0.0175,-0.91,-0.013298,0.539972,-0.85095,-0.20818,-0.16268,0.20314
3226.41,0,0,5,5,100,100,-32.2641,1.58965,97.81,0.0032817,-0.00670763,0.00959197,0,0,3.605,0,-0.98,-0.00915,0.538508,-0.849608,-0.20818,-0.16268,0.20314
3226.64,0,0,5,5,100,100,-32.2664,1.58899,97.8325,-0.000229862,-0.00368903,0.00784925,0,0,3.6225,-0.035,-1.0325,-0.012688,0.541558,-0.851316,-0.20454,-0.1554,0.19936
3226.66,0,0,5,5,100,100,-32.2666,1.58937,97.8536,0.000492345,-0.00527849,0.00772493,0,0,3.605,0.1925,-0.98,-0.011956,0.539972,-0.851438,-0.20454,-0.1554,0.19936
3226.7,0,0,5,5,100,100,-32.267,1.58925,97.8746,0.000251445,-0.0046746,0.00673716,0,0,3.395,0.035,-0.9625,-0.0122,0.540582,-0.852414,-0.20454,-0.1554,0.19936
3226.67,0,0,5,5,100,100,-32.2667,1.58821,97.8949,-0.000823652,-0.00442504,0.00526572,0,0,3.2725,0.14,-0.8225,-0.013298,0.540826,-0.853878,-0.20454,-0.1554,0.19936
3226.9,0,0,5,5,100,100,-32.269,1.59088,97.9166,0.00265282,-0.00531342,0.00954624,0,0,3.3775,0.0525,-0.875,-0.00976,0.539972,-0.849608,-0.20454,-0.1554,0.19936
3226.59,0,0,5,5,100,100,-32.2659,1.58889,97.9354,-0.00132148,-0.00429194,0.0025674,0,0,3.5175,0.0175,-0.8925,-0.013786,0.540948,-0.856562,-0.20454,-0.1554,0.19936
3226.09,0,0,5,5,100,100,-32.2609,1.59114,97.9535,0.00264826,-0.00653801,0.00371957,0,0,3.6575,0.07,-0.8225,-0.00976,0.53863,-0.855464,-0.20454,-0.1554,0.19936
3226.03,0,0,5,5,100,100,-32.2603,1.59258,97.9731,0.0017728,-0.00469589,0.00556942,0,0,3.5175,0.035,-0.91,-0.010614,0.54046,-0.853634,-0.20454,-0.1554,0.19936
3226.22,0,0,5,5,100,100,-32.2622,1.59355,97.9926,0.00102682,-0.00350259,0.00690364,0,0,3.605,0.1225,-0.875,-0.011346,0.54168,-0.852292,-0.2065,-0.15764,0.2016
3226.58,0,0,5,5,100,100,-32.2658,1.59288,98.0123,-0.00066226,-0.00282344,0.00760787,0,0,3.43,0.175,-0.9275,-0.013054,0.542412,-0.85156,-0.2065,-0.15764,0.2016
3226.76,0,0,5,5,100,100,-32.2676,1.59288,98.0314,6.66384e-05,-0.00468195,0.00882055,0,0,3.64,0.105,-0.8925,-0.012322,0.540582,-0.85034,-0.2065,-0.15764,0.2016
3226.66,0,0,5,5,100,100,-32.2666,1.59344,98.0488,0.000907283,-0.00393479,0.00415729,0,0,3.535,0.105,-0.9275,-0.011468,0.541314,-0.854976,-0.2065,-0.15764,0.2016
3226.59,0,0,5,5,100,100,-32.2659,1.5909,98.0658,-0.00208554,-0.00404711,0.00490262,0,0,3.5,0.1225,-0.98,-0.014518,0.541192,-0.854244,-0.2065,-0.15764,0.2016
3227.23,0,0,5,5,100,100,-32.2723,1.5936,98.0867,0.00272677,-0.00047739,0.00680885,0,0,3.465,0,-0.91,-0.009638,0.544852,-0.852292,-0.2065,-0.15764,0.2016
3227.31,0,0,5,5,100,100,-32.2731,1.59434,98.1044,0.00113451,-0.00390769,0.00557214,0,0,3.3075,-0.035,-0.875,-0.011224,0.541436,-0.853512,-0.2065,-0.15764,0.2016
3227.22,0,0,5,5,100,100,-32.2722,1.59141,98.1211,-0.00245891,-0.00719229,0.00939333,0,0,3.36,-0.0525,-0.84,-0.014884,0.538142,-0.84973,-0.2065,-0.15764,0.2016
3226.91,0,0,5,5,100,100,-32.2691,1.59073,98.1271,-0.000138851,-0.00714752,0.00733186,0,0,3.6925,-0.0525,-0.875,-0.012566,0.538142,-0.851804,-0.20762,-0.15694,0.19348
3227.09,0,0,5,5,100,100,-32.2709,1.59027,98.1352,-0.000495255,-0.00607438,0.0111271,0,0,3.6925,0.1225,-0.875,-0.012932,0.53924,-0.848022,-0.20762,-0.15694,0.19348
3227.18,0,0,5,5,100,100,-32.2718,1.58948,98.1424,-0.00108893,-0.00388959,0.0066929,0,0,3.6575,0.4375,-0.8575,-0.013542,0.541436,-0.852414,-0.20762,-0.15694,0.19348
3227.31,0,0,5,5,100,100,-32.2731,1.58843,98.1497,-0.00131355,-0.00427553,0.00778769,0,0,3.6575,0.4025,-0.8925,-0.013786,0.54107,-0.851316,-0.20762,-0.15694,0.19348
3227.51,0,0,5,5,100,100,-32.2751,1.59187,98.1575,0.00324299,-0.00332771,0.00653779,0,0,3.605,0.315,-0.9975,-0.00915,0.542046,-0.852536,-0.20762,-0.15694,0.19348
3228.2,0,0,5,5,100,100,-32.282,1.59582,98.1678,0.00341705,-0.00391621,0.0128657,0,0,3.5875,0.21,-0.945,-0.008906,0.541558,-0.846192,-0.20762,-0.15694,0.19348
3228.31,0,0,5,5,100,100,-32.2831,1.59668,98.1751,0.00121521,-0.00368832,0.00584679,0,0,3.395,0.0175,-0.945,-0.011102,0.541802,-0.853146,-0.20762,-0.15694,0.19348
3228.31,0,0,5,5,100,100,-32.2831,1.59919,98.1823,0.00262933,-0.00637448,0.00891946,0,0,3.5175,-0.0175,-0.7875,-0.009638,0.539118,-0.850096,-0.20762,-0.15694,0.19348
3228.43,0,0,5,5,100,100,-32.2843,1.60082,98.1896,0.00150749,-0.00480351,0.00804734,0,0,3.605,0.245,-0.91,-0.010736,0.540704,-0.85095,-0.20762,-0.15694,0.19348
3228.49,0,0,5,5,100,100,-32.2849,1.60588,98.1983,0.00506376,-0.00224646,0.00299872,0,0,3.605,0.21,-0.8925,-0.007076,0.543266,-0.855952,-0.20734,-0.16142,0.1953
3228.71,0,0,5,5,100,100,-32.2871,1.60467,98.2071,-0.000867919,-0.00240166,0.00506865,0,0,3.29,0.0525,-0.9275,-0.013054,0.543144,-0.853878,-0.20734,-0.16142,0.1953
3228.3,0,0,5,5,100,100,-32.283,1.60249,98.2126,-0.00180179,-0.00539489,0.00277175,0,0,3.3425,0.2625,-0.8925,-0.01403,0.540094,-0.856196,-0.20734,-0.16142,0.1953
3228.09,0,0,5,5,100,100,-32.2809,1.60084,98.219,-0.00128711,-0.00524289,0.00500465,0,0,3.43,0.1925,-0.9625,-0.013542,0.540216,-0.854,-0.20734,-0.16142,0.1953
3228.72,0,0,5,5,100,100,-32.2872,1.60044,98.2295,-0.000794129,-0.00264928,0.0106016,0,0,3.535,0.28,-0.91,-0.013054,0.5429,-0.848388,-0.20734,-0.16142,0.1953
3228.72,0,0,5,5,100,100,-32.2872,1.6027,98.2373,0.00220358,-0.00435771,0.0055603,0,0,3.4475,0.21,-0.7875,-0.010004,0.541192,-0.85339,-0.20734,-0.16142,0.1953
3229.26,0,0,5,5,100,100,-32.2926,1.60317,98.2476,0.000251544,-0.00297163,0.0101819,0,0,3.64,0.1575,-0.8925,-0.011956,0.542656,-0.848754,-0.20734,-0.16142,0.1953
3229.48,0,0,5,5,100,100,-32.2948,1.60698,98.2565,0.00358683,-0.00385827,0.00757768,0,0,3.6225,0.1925,-0.84,-0.00854,0.541802,-0.851316,-0.20734,-0.16142,0.1953
3229.16,0,0,5,5,100,100,-32.2916,1.60559,98.2666,-0.00100548,-0.00527651,0.00404286,0,0,3.605,0.175,-0.8925,-0.013176,0.540338,-0.854854,-0.20496,-0.15946,0.19544
3229.08,0,0,5,5,100,100,-32.2908,1.60844,98.278,0.00283232,-0.00563098,0.0067536,0,0,3.4825,0.1575,-0.7875,-0.009272,0.539972,-0.85217,-0.20496,-0.15946,0.19544
3228.82,0,0,5,5,100,100,-32.2882,1.60692,98.288,-0.00115018,-0.00449314,0.00333638,0,0,3.535,0.175,-0.875,-0.013298,0.54107,-0.855586,-0.20496,-0.15946,0.19544
3228.62,0,0,5,5,100,100,-32.2862,1.60896,98.2985,0.00221588,-0.00519681,0.00507486,0,0,3.6225,0.175,-0.8925,-0.009882,0.540338,-0.853878,-0.20496,-0.15946,0.19544
3228.43,0,0,5,5,100,100,-32.2843,1.60581,98.3084,-0.00271011,-0.0050477,0.00533963,0,0,3.57,0.14,-0.945,-0.014884,0.54046,-0.853634,-0.20496,-0.15946,0.19544
3228.28,0,0,5,5,100,100,-32.2828,1.60519,98.3183,-0.000391039,-0.00502531,0.00486234,0,0,3.29,0.21,-0.8925,-0.012566,0.54046,-0.854122,-0.20496,-0.15946,0.19544
3228.18,0,0,5,5,100,100,-32.2818,1.6031,98.3282,-0.00193382,-0.00403393,0.00413493,0,0,3.325,0.28,-0.875,-0.014152,0.541436,-0.854854,-0.20496,-0.15946,0.19544
3228.39,0,0,5,5,100,100,-32.2839,1.60354,98.3397,0.000366662,-0.00272207,0.00608193,0,0,3.64,0.315,-0.9975,-0.011834,0.542778,-0.852902,-0.20496,-0.15946,0.19544
3227.91,0,0,5,5,100,100,-32.2791,1.60155,98.3496,-0.00129939,-0.00680385,0.00452931,0,0,3.535,0.0875,-1.015,-0.013542,0.53863,-0.854488,-0.20608,-0.1645,0.19992
3227.95,0,0,5,5,100,100,-32.2795,1.60447,98.3618,0.00302316,-0.00485435,0.00661488,0,0,3.4125,0.2275,-1.0675,-0.00915,0.540582,-0.852414,-0.20608,-0.1645,0.19992
3228.17,0,0,5,5,100,100,-32.2817,1.60187,98.3747,-0.00227691,-0.0032997,0.00684144,0,0,3.395,0.0525,-0.9275,-0.014518,0.542168,-0.85217,-0.20608,-0.1645,0.19992
3228.19,0,0,5,5,100,100,-32.2819,1.59912,98.3866,-0.00235048,-0.00489197,0.007086,0,0,3.36,0.035,-0.8925,-0.01464,0.540582,-0.851926,-0.20608,-0.1645,0.19992
3228.19,0,0,5,5,100,100,-32.2819,1.59467,98.3981,-0.004095,-0.00574673,0.00819518,0,0,3.3425,0.0875,-0.8925,-0.01647,0.539728,-0.850828,-0.20608,-0.1645,0.19992
3228.03,0,0,5,5,100,100,-32.2803,1.59384,98.4091,-0.000436051,-0.00743404,0.00882459,0,0,3.36,0,-0.875,-0.01281,0.53802,-0.850218,-0.20608,-0.1645,0.19992
3227.49,0,0,5,5,100,100,-32.2749,1.59716,98.4185,0.00400109,-0.00747484,0.00395611,0,0,3.395,-0.07,-0.875,-0.008296,0.537898,-0.855098,-0.20608,-0.1645,0.19992
3226.97,0,0,5,5,100,100,-32.2697,1.60052,98.4277,0.0039424,-0.00739797,0.00400272,0,0,3.3075,0,-0.875,-0.008296,0.537898,-0.855098,-0.20608,-0.1645,0.19992
3226.95,0,0,5,5,100,100,-32.2695,1.60042,98.4343,0.000299589,-0.00336405,0.00363629,0,0,3.29,0.0175,-0.805,-0.011956,0.541924,-0.855464,-0.20566,-0.16366,0.1946
3226.93,0,0,5,5,100,100,-32.2693,1.60017,98.4409,0.000303915,-0.00336185,0.00363782,0,0,3.2375,-0.0525,-0.8575,-0.011956,0.541924,-0.855464,-0.20566,-0.16366,0.1946
3227.1,0,0,5,5,100,100,-32.271,1.60021,98.4482,0.000424732,-0.00265344,0.00497486,0,0,3.43,0.0175,-0.945,-0.011834,0.542656,-0.854122,-0.20566,-0.16366,0.1946
3227.1,0,0,5,5,100,100,-32.271,1.59849,98.4545,-0.00124608,-0.00521928,0.00718818,0,0,3.3425,0.0175,-0.98,-0.013542,0.540094,-0.851926,-0.20566,-0.16366,0.1946
3227.48,0,0,5,5,100,100,-32.2748,1.59973,98.463,0.00140508,-0.00222167,0.00678353,0,0,3.5,0,-0.8925,-0.010858,0.543144,-0.852292,-0.20566,-0.16366,0.1946
3227.68,0,0,5,5,100,100,-32.2768,1.59826,98.4703,-0.00136347,-0.00274023,0.00590476,0,0,3.5175,0.14,-0.84,-0.013664,0.542656,-0.853146,-0.20566,-0.16366,0.1946
3227.87,0,0,5,5,100,100,-32.2787,1.5987,98.4777,0.000572492,-0.0037455,0.00699319,0,0,3.43,0.07,-0.84,-0.011712,0.54168,-0.852048,-0.20566,-0.16366,0.1946
3228.17,0,0,5,5,100,100,-32.2817,1.59991,98.4855,0.000915879,-0.00378848,0.00868662,0,0,3.675,0.2625,-0.84,-0.011346,0.54168,-0.85034,-0.20566,-0.16366,0.1946
3228.2,0,0,5,5,100,100,-32.282,1.60029,98.4919,0.000423293,-0.0035495,0.00487167,0,0,3.4125,0.2275,-0.84,-0.011834,0.541924,-0.854122,-0.20566,-0.16366,0.1946
3228.47,0,0,5,5,100,100,-32.2847,1.59991,98.5008,-0.000177426,-0.00383334,0.00804354,0,0,3.4125,-0.0175,-0.84,-0.012444,0.54168,-0.85095,-0.20734,-0.16548,0.1988
3228.47,0,0,5,5,100,100,-32.2847,1.5995,98.5084,7.26159e-05,-0.00480976,0.00632287,0,0,3.36,-0.07,-0.8575,-0.0122,0.540704,-0.852658,-0.20734,-0.16548,0.1988
3228.6,0,0,5,5,100,100,-32.286,1.59942,98.516,7.40527e-05,-0.00373108,0.00606409,0,0,3.2725,0.2275,-1.0325,-0.0122,0.541802,-0.852902,-0.20734,-0.16548,0.1988
3228.42,0,0,5,5,100,100,-32.2842,1.60118,98.5223,0.00186557,-0.00651216,0.00694131,0,0,3.465,0.2625,-0.98,-0.01037,0.538996,-0.852048,-0.20734,-0.16548,0.1988
3228.63,0,0,5,5,100,100,-32.2863,1.60148,98.5306,0.000159579,-0.0021466,0.00458552,0,0,3.36,0.245,-0.735,-0.012078,0.543388,-0.854366,-0.20734,-0.16548,0.1988
3228.78,0,0,5,5,100,100,-32.2878,1.60331,98.5388,0.00170706,-0.00375591,0.00629206,0,0,3.3775,0.1575,-0.7,-0.010492,0.541802,-0.852658,-0.20734,-0.16548,0.1988
3228.65,0,0,5,5,100,100,-32.2865,1.60011,98.5453,-0.00297504,-0.00642421,0.00827277,0,0,3.605,0.1225,-0.8225,-0.01525,0.539118,-0.850706,-0.20734,-0.16548,0.1988
3228.18,0,0,5,5,100,100,-32.2818,1.59763,98.5501,-0.0020814,-0.00672237,0.00462884,0,0,3.535,0.175,-0.8225,-0.014396,0.538752,-0.854366,-0.20734,-0.16548,0.1988
3228.63,0,0,5,5,100,100,-32.2863,1.59578,98.5516,-0.00204921,-0.00312517,0.00938281,0,0,3.5,0.175,-0.7875,-0.014396,0.542412,-0.849608,-0.21196,-0.16226,0.19754
3228.62,0,0,5,5,100,100,-32.2862,1.59422,98.5509,-0.00117151,-0.00324579,0.00372903,0,0,3.29,0.0525,-0.8225,-0.013542,0.54229,-0.85522,-0.21196,-0.16226,0.19754
3228.27,0,0,5,5,100,100,-32.2827,1.59395,98.5488,0.000290934,-0.00466031,0.00265487,0,0,3.6225,0.105,-0.945,-0.012078,0.540826,-0.856318,-0.21196,-0.16226,0.19754
3228.36,0,0,5,5,100,100,-32.2836,1.59532,98.5487,0.00123903,-0.00491767,0.00805554,0,0,3.64,0.28,-0.9275,-0.011102,0.540582,-0.85095,-0.21196,-0.16226,0.19754
3228.56,0,0,5,5,100,100,-32.2856,1.59664,98.549,0.001216,-0.00421325,0.00754508,0,0,3.36,0.2625,-0.9275,-0.011102,0.541314,-0.851438,-0.21196,-0.16226,0.19754
3228.72,0,0,5,5,100,100,-32.2872,1.59766,98.5491,0.000833734,-0.00496997,0.00875884,0,0,3.5175,0.2975,-0.9275,-0.011468,0.540582,-0.850218,-0.21196,-0.16226,0.19754
3228.16,0,0,5,5,100,100,-32.2816,1.59686,98.5458,-0.000610265,-0.00671997,0.00352426,0,0,3.605,0.385,-0.8925,-0.012932,0.538752,-0.855464,-0.21196,-0.16226,0.19754
3228.12,0,0,5,5,100,100,-32.2812,1.59636,98.5452,-0.000358481,-0.00537091,0.00721658,0,0,3.535,0.1225,-0.8225,-0.012688,0.540094,-0.851804,-0.21196,-0.16226,0.19754
3228.23,0,0,5,5,100,100,-32.2823,1.59761,98.5529,0.00144192,-0.0051424,0.0081895,0,0,3.4475,-0.035,-0.77,-0.010858,0.540338,-0.850828,-0.20846,-0.16394,0.19992
3227.73,0,0,5,5,100,100,-32.2773,1.59908,98.5575,0.00214519,-0.00775444,0.00516216,0,0,3.4475,-0.0875,-0.8225,-0.010126,0.537654,-0.853878,-0.20846,-0.16394,0.19992
3228.12,0,0,5,5,100,100,-32.2812,1.60053,98.566,0.00139112,-0.00475804,0.0107811,0,0,3.4475,0.07,-0.91,-0.010858,0.540704,-0.848266,-0.20846,-0.16394,0.19992
3228.24,0,0,5,5,100,100,-32.2824,1.60219,98.5734,0.00184807,-0.00440992,0.00708016,0,0,3.395,0.0175,-0.8225,-0.01037,0.54107,-0.851926,-0.20846,-0.16394,0.19992
3228.33,0,0,5,5,100,100,-32.2833,1.60341,98.5806,0.00182673,-0.00454393,0.00682604,0,0,3.4125,-0.1925,-0.91,-0.01037,0.540948,-0.85217,-0.20846,-0.16394,0.19992
3228.57,0,0,5,5,100,100,-32.2857,1.60342,98.5883,0.000490197,-0.00482377,0.00901663,0,0,3.3075,-0.1575,-0.945,-0.011712,0.540704,-0.849974,-0.20846,-0.16394,0.19992
3228.47,0,0,5,5,100,100,-32.2847,1.60287,98.5941,-0.000229111,-0.00419936,0.00423066,0,0,3.3075,0.0875,-0.805,-0.012444,0.541314,-0.854732,-0.20846,-0.16394,0.19992
3228.56,0,0,5,5,100,100,-32.2856,1.6018,98.6011,-0.000696347,-0.00409027,0.00643611,0,0,3.4125,-0.0875,-0.7525,-0.012932,0.541436,-0.852536,-0.20846,-0.16394,0.19992
3228.48,0,0,5,5,100,100,-32.2848,1.60061,98.6073,-0.000797015,-0.00481124,0.0060754,0,0,3.6225,-0.0175,-0.805,-0.013054,0.540704,-0.852902,-0.20846,-0.16394,0.19992
3228.44,0,0,5,5,100,100,-32.2844,1.6008,98.6105,0.000414398,-0.00541687,0.00693909,0,0,3.3775,0.0525,-0.7875,-0.011834,0.540094,-0.852048,-0.20944,-0.16184,0.1981
3228.58,0,0,5,5,100,100,-32.2858,1.60024,98.6143,-0.000426094,-0.00372726,0.00631194,0,0,3.3775,0.1575,-0.91,-0.012688,0.541802,-0.852658,-0.20944,-0.16184,0.1981
3228.32,0,0,5,5,100,100,-32.2832,1.59993,98.6161,0.000186694,-0.00576523,0.00473791,0,0,3.3075,0.07,-0.91,-0.012078,0.539728,-0.854244,-0.20944,-0.16184,0.1981
3228.46,0,0,5,5,100,100,-32.2846,1.60169,98.6199,0.00197831,-0.00370943,0.00619941,0,0,3.43,0.1225,-0.9975,-0.010248,0.541802,-0.85278,-0.20944,-0.16184,0.1981
3228.38,0,0,5,5,100,100,-32.2838,1.60078,98.6229,-0.000435628,-0.00516347,0.00657604,0,0,3.605,-0.0175,-0.91,-0.012688,0.540338,-0.852414,-0.20944,-0.16184,0.1981
3228.65,0,0,5,5,100,100,-32.2865,1.59902,98.6275,-0.00161968,-0.00251613,0.00655213,0,0,3.6225,0.035,-0.7875,-0.013908,0.543022,-0.852414,-0.20944,-0.16184,0.1981
3228.4,0,0,5,5,100,100,-32.284,1.598,98.6292,-0.000630067,-0.00528878,0.00423961,0,0,3.325,0.14,-0.875,-0.012932,0.540216,-0.854732,-0.20944,-0.16184,0.1981
3228.92,0,0,5,5,100,100,-32.2892,1.59688,98.6346,-0.00133936,-0.00316745,0.00997021,0,0,3.3775,0.1575,-0.8225,-0.013664,0.542412,-0.848998,-0.20944,-0.16184,0.1981
3228.92,0,0,5,5,100,100,-32.2892,1.59649,98.6392,-0.000239252,-0.00475485,0.00628213,0,0,3.36,0.14,-0.8225,-0.012566,0.540826,-0.852658,-0.20748,-0.16366,0.19712
3228.74,0,0,5,5,100,100,-32.2874,1.59137,98.6474,0.00179378,-0.00534104,0.00507103,0,0,3.325,-4.48,-0.7175,-0.010614,0.540216,-0.853878,-0.20748,-0.16366,0.19712
3228.67,0,0,5,5,100,100,-32.2867,1.59198,98.652,0.000932745,-0.00630781,0.00778203,0,0,3.325,-0.0875,-0.7,-0.011468,0.53924,-0.851194,-0.20748,-0.16366,0.19712
3228.72,0,0,5,5,100,100,-32.2872,1.58946,98.6565,-0.00218196,-0.00436169,0.00618014,0,0,3.22,0,-0.77,-0.01464,0.541192,-0.85278,-0.20748,-0.16366,0.19712
3228.56,0,0,5,5,100,100,-32.2856,1.58893,98.6602,1.41132e-05,-0.00494835,0.00484316,0,0,3.43,-0.035,-0.8575,-0.012444,0.540582,-0.854122,-0.20748,-0.16366,0.19712
3228.54,0,0,5,5,100,100,-32.2854,1.58522,98.6644,-0.00320119,-0.00592397,0.00841167,0,0,3.4125,-0.0875,-0.8575,-0.015738,0.539606,-0.850584,-0.20748,-0.16366,0.19712
3228.39,0,0,5,5,100,100,-32.2839,1.58466,98.6681,-0.000154283,-0.00492438,0.00522959,0,0,3.57,0.035,-0.84,-0.012688,0.540582,-0.853756,-0.20748,-0.16366,0.19712
3228.44,0,0,5,5,100,100,-32.2844,1.58749,98.6731,0.00283339,-0.00505407,0.00780512,0,0,3.6925,0.105,-0.7875,-0.009638,0.54046,-0.851194,-0.20748,-0.16366,0.19712
3228.39,0,0,5,5,100,100,-32.2839,1.58906,98.6896,0.00146961,-0.00504527,0.00633439,0,0,3.57,0.28,-0.805,-0.01098,0.54046,-0.852658,-0.20258,-0.16142,0.20188
3228.64,0,0,5,5,100,100,-32.2864,1.58911,98.7073,0.000132406,-0.00422767,0.00876978,0,0,3.5525,0.0875,-0.91,-0.012322,0.541314,-0.850218,-0.20258,-0.16142,0.20188
3228.78,0,0,5,5,100,100,-32.2878,1.58853,98.7245,-0.00022187,-0.00473713,0.00814213,0,0,3.465,-0.0875,-0.84,-0.012688,0.540826,-0.850828,-0.20258,-0.16142,0.20188
3229.11,0,0,5,5,100,100,-32.2911,1.5894,98.7425,0.00109921,-0.00332006,0.00786511,0,0,3.43,-0.0525,-0.8575,-0.011346,0.54229,-0.851072,-0.20258,-0.16142,0.20188
3229.09,0,0,5,5,100,100,-32.2909,1.59048,98.7585,0.00156647,-0.00490418,0.0060225,0,0,3.3425,-0.0525,-0.91,-0.010858,0.540704,-0.852902,-0.20258,-0.16142,0.20188
3228.38,0,0,5,5,100,100,-32.2838,1.58502,98.7705,-0.00453413,-0.00687655,0.00215685,0,0,3.5,0.0525,-0.945,-0.01708,0.53863,-0.856806,-0.20258,-0.16142,0.20188
3228.7,0,0,5,5,100,100,-32.287,1.58313,98.7873,-0.00158554,-0.00277251,0.00692242,0,0,3.2725,0.0525,-0.9975,-0.014152,0.542778,-0.852048,-0.20258,-0.16142,0.20188
3228.74,0,0,5,5,100,100,-32.2874,1.57996,98.8026,-0.00274501,-0.00595445,0.0088872,0,0,3.325,0.0175,-0.98,-0.015372,0.539606,-0.850096,-0.20258,-0.16142,0.20188
3228.83,0,0,5,5,100,100,-32.2883,1.57918,98.8131,-0.00054473,-0.0043806,0.00715765,0,0,3.5175,0.0525,-0.8575,-0.013176,0.541192,-0.851804,-0.20622,-0.16114,0.20188
3228.32,0,0,5,5,100,100,-32.2832,1.57721,98.8204,-0.0013608,-0.00613765,0.00290286,0,0,3.4825,0.105,-0.875,-0.01403,0.539362,-0.856074,-0.20622,-0.16114,0.20188
3228.61,0,0,5,5,100,100,-32.2861,1.57833,98.8318,0.00129247,-0.00373764,0.008531,0,0,3.6575,0.0175,-0.945,-0.011346,0.541802,-0.850462,-0.20622,-0.16114,0.20188
3228.3,0,0,5,5,100,100,-32.283,1.58127,98.8404,0.00354927,-0.00588914,0.00437863,0,0,3.535,-0.035,-0.8925,-0.009028,0.539606,-0.85461,-0.20622,-0.16114,0.20188
3228.48,0,0,5,5,100,100,-32.2848,1.58125,98.8509,0.000269524,-0.00322901,0.00583718,0,0,3.3075,-0.0175,-0.805,-0.012322,0.54229,-0.853146,-0.20622,-0.16114,0.20188
3228.73,0,0,5,5,100,100,-32.2873,1.58159,98.8616,0.000628084,-0.00314334,0.00655164,0,0,3.36,-0.0175,-0.875,-0.011956,0.542412,-0.852414,-0.20622,-0.16114,0.20188
3229.16,0,0,5,5,100,100,-32.2916,1.58447,98.8733,0.00288604,-0.00222908,0.00712508,0,0,3.43,0.0875,-0.8925,-0.009638,0.543388,-0.851804,-0.20622,-0.16114,0.20188
3228.59,0,0,5,5,100,100,-32.2859,1.58388,98.8797,-1.92814e-05,-0.00593149,0.00139962,0,0,3.325,0.175,-0.875,-0.012566,0.539606,-0.857538,-0.20622,-0.16114,0.20188
3228.63,0,0,5,5,100,100,-32.2863,1.58521,98.889,0.00141544,-0.00434944,0.00619032,0,0,3.4825,0.21,-0.9275,-0.011102,0.541192,-0.85278,-0.20622,-0.16114,0.20188
3228.47,0,0,5,5,100,100,-32.2847,1.58544,98.8894,0.000439519,-0.00689013,0.00804956,0,0,3.5175,0.105,-0.84,-0.012078,0.53863,-0.85095,-0.20874,-0.16128,0.19754
3228.18,0,0,5,5,100,100,-32.2818,1.58523,98.8893,7.86717e-05,-0.00611451,0.00524894,0,0,3.465,0.0875,-0.7175,-0.012444,0.539362,-0.853756,-0.20874,-0.16128,0.19754
3227.84,0,0,5,5,100,100,-32.2784,1.5852,98.8889,0.000322234,-0.00459961,0.00245234,0,0,3.535,0.1225,-0.735,-0.0122,0.540826,-0.856562,-0.20874,-0.16128,0.19754
3227.53,0,0,5,5,100,100,-32.2753,1.58508,98.8886,0.000324329,-0.00455388,0.00248129,0,0,3.4475,0.07,-0.7525,-0.0122,0.540826,-0.856562,-0.20874,-0.16128,0.19754
3227.66,0,0,5,5,100,100,-32.2766,1.58651,98.8902,0.00163573,-0.00310603,0.00492828,0,0,3.36,0.0875,-0.84,-0.010858,0.54229,-0.854122,-0.20874,-0.16128,0.19754
3227.74,0,0,5,5,100,100,-32.2774,1.58777,98.8917,0.00161358,-0.00311862,0.0049196,0,0,3.535,0.0175,-0.875,-0.010858,0.54229,-0.854122,-0.20874,-0.16128,0.19754
3228.12,0,0,5,5,100,100,-32.2812,1.58692,98.8944,-0.00104426,-0.00366283,0.00931104,0,0,3.4825,0.175,-0.805,-0.013542,0.541802,-0.84973,-0.20874,-0.16128,0.19754
3228.48,0,0,5,5,100,100,-32.2848,1.58596,98.897,-0.00102741,-0.00371617,0.0092779,0,0,3.5175,0.1225,-0.8575,-0.013542,0.541802,-0.84973,-0.20874,-0.16128,0.19754
3228.18,0,0,5,5,100,100,-32.2818,1.58285,98.8994,-0.00243105,-0.00379488,0.00156135,0,0,3.395,0.0175,-0.8575,-0.015006,0.54168,-0.857416,-0.2093,-0.15806,0.20076
3228.49,0,0,5,5,100,100,-32.2849,1.58324,98.9047,0.000477924,-0.00384038,0.00854045,0,0,3.43,0.105,-0.9625,-0.012078,0.54168,-0.850462,-0.2093,-0.15806,0.20076
3227.99,0,0,5,5,100,100,-32.2799,1.58158,98.906,-0.000950998,-0.00511128,0.00121028,0,0,3.4125,0.1225,-0.9625,-0.013542,0.540338,-0.857782,-0.2093,-0.15806,0.20076
3227.6,0,0,5,5,100,100,-32.276,1.58316,98.9081,0.00230158,-0.00578493,0.00284505,0,0,3.3075,-0.0525,-0.84,-0.010248,0.539606,-0.856196,-0.2093,-0.15806,0.20076
3227.73,0,0,5,5,100,100,-32.2773,1.58698,98.9129,0.00393567,-0.00580311,0.00897881,0,0,3.3425,0.0175,-0.8225,-0.00854,0.539606,-0.850096,-0.2093,-0.15806,0.20076
3227.67,0,0,5,5,100,100,-32.2767,1.58722,98.9166,0.000408328,-0.00506183,0.00615623,0,0,3.4125,0.0525,-0.6825,-0.012078,0.540338,-0.852902,-0.2093,-0.15806,0.20076
3227.83,0,0,5,5,100,100,-32.2783,1.58711,98.9214,-0.000197039,-0.00655098,0.0109364,0,0,3.325,0.0175,-0.63,-0.012688,0.538874,-0.848144,-0.2093,-0.15806,0.20076
3227.88,0,0,5,5,100,100,-32.2788,1.5874,98.9256,0.000648294,-0.00399384,0.00564466,0,0,3.3775,-0.035,-0.7875,-0.011834,0.541436,-0.85339,-0.2093,-0.15806,0.20076
3227.48,0,0,5,5,100,100,-32.2748,1.58588,98.9365,-0.00078303,-0.00674437,0.00494472,0,0,3.4125,-0.1225,-0.7875,-0.013298,0.53863,-0.854122,-0.20524,-0.16086,0.2044
3227.15,0,0,5,5,100,100,-32.2715,1.58557,98.9475,0.000315755,-0.00449776,0.0021476,0,0,3.4475,-0.0175,-0.7875,-0.0122,0.540826,-0.856928,-0.20524,-0.16086,0.2044
3227.31,0,0,5,5,100,100,-32.2731,1.58512,98.9606,-0.000405303,-0.00378818,0.00692821,0,0,3.5,0.14,-0.8225,-0.012932,0.541558,-0.85217,-0.20524,-0.16086,0.2044
3227.15,0,0,5,5,100,100,-32.2715,1.58566,98.9721,0.000678631,-0.00571913,0.00632773,0,0,3.57,0.21,-0.875,-0.011834,0.539606,-0.85278,-0.20524,-0.16086,0.2044
3226.97,0,0,5,5,100,100,-32.2697,1.58414,98.9829,-0.00148168,-0.00495981,0.00536178,0,0,3.71,0.3675,-0.945,-0.01403,0.540338,-0.853756,-0.20524,-0.16086,0.2044
3227.4,0,0,5,5,100,100,-32.274,1.58557,98.9969,0.00116609,-0.00404565,0.0103622,0,0,3.5175,0.21,-0.8925,-0.011346,0.541314,-0.848754,-0.20524,-0.16086,0.2044
3227.6,0,0,5,5,100,100,-32.276,1.5834,99.0095,-0.00231908,-0.00383192,0.00751631,0,0,3.3775,0.21,-0.735,-0.014884,0.541558,-0.85156,-0.20524,-0.16086,0.2044
3227.7,0,0,5,5,100,100,-32.277,1.58164,99.0215,-0.00180243,-0.0042134,0.00664714,0,0,3.29,0.1925,-0.735,-0.014396,0.541192,-0.852414,-0.20524,-0.16086,0.2044
3227.72,0,0,5,5,100,100,-32.2772,1.58294,99.0332,0.00133351,-0.00458217,0.00578425,0,0,3.2375,0.175,-0.7525,-0.011224,0.540826,-0.853268,-0.20524,-0.16086,0.2044
3227.7,0,0,5,5,100,100,-32.277,1.58334,99.0389,0.000840625,-0.00409004,0.00431093,0,0,3.115,0,-0.8225,-0.011712,0.541314,-0.854732,-0.2072,-0.15876,0.20118
3227.7,0,0,5,5,100,100,-32.277,1.58273,99.0445,-0.000242105,-0.00543337,0.00689323,0,0,3.15,0.035,-0.8925,-0.01281,0.539972,-0.85217,-0.2072,-0.15876,0.20118
3228.03,0,0,5,5,100,100,-32.2803,1.58076,99.0516,-0.00166564,-0.00340729,0.00809221,0,0,3.2725,-0.0175,-0.945,-0.014274,0.542046,-0.85095,-0.2072,-0.15876,0.20118
3228,0,0,5,5,100,100,-32.28,1.57779,99.0569,-0.00234277,-0.0048685,0.0060065,0,0,3.22,-0.0875,-0.91,-0.015006,0.540582,-0.853024,-0.2072,-0.15876,0.20118
3228.32,0,0,5,5,100,100,-32.2832,1.57821,99.0643,0.000444068,-0.00308397,0.00782056,0,0,3.57,0.07,-0.8225,-0.0122,0.542412,-0.851194,-0.2072,-0.15876,0.20118
3228.51,0,0,5,5,100,100,-32.2851,1.58121,99.0712,0.00282144,-0.00494266,0.00903141,0,0,3.64,0.21,-0.84,-0.00976,0.540582,-0.849974,-0.2072,-0.15876,0.20118
3228.18,0,0,5,5,100,100,-32.2818,1.58296,99.0752,0.00206212,-0.00574877,0.00402034,0,0,3.5,0.2275,-0.9275,-0.010492,0.539728,-0.854976,-0.2072,-0.15876,0.20118
3228.28,0,0,5,5,100,100,-32.2828,1.58396,99.081,0.000951308,-0.00161088,0.00265823,0,0,3.5,0.3675,-0.91,-0.01159,0.543876,-0.856318,-0.2072,-0.15876,0.20118
3227.73,0,0,5,5,100,100,-32.2773,1.58309,99.0898,-0.000612926,-0.00543834,0.00111131,0,0,3.4475,0.385,-0.8575,-0.013176,0.539972,-0.857904,-0.2044,-0.16086,0.20384
3227.52,0,0,5,5,100,100,-32.2752,1.58167,99.1001,-0.00119552,-0.0068737,0.00727859,0,0,3.3425,0.175,-0.875,-0.013786,0.538508,-0.851804,-0.2044,-0.16086,0.20384
3227.6,0,0,5,5,100,100,-32.276,1.58171,99.1121,0.000383005,-0.00297753,0.00444324,0,0,3.395,0,-0.7875,-0.0122,0.542412,-0.85461,-0.2044,-0.16086,0.20384
3227.64,0,0,5,5,100,100,-32.2764,1.5793,99.1235,-0.00224765,-0.00432616,0.00653143,0,0,3.5,0.1225,-0.8225,-0.014884,0.54107,-0.852536,-0.2044,-0.16086,0.20384
3227.16,0,0,5,5,100,100,-32.2716,1.57721,99.1321,-0.00196817,-0.00486713,0.00141278,0,0,3.535,0.42,-0.8225,-0.01464,0.54046,-0.85766,-0.2044,-0.16086,0.20384
3227.19,0,0,5,5,100,100,-32.2719,1.57722,99.1431,-0.000267466,-0.00401693,0.00583596,0,0,3.5175,0.42,-0.8225,-0.012932,0.541314,-0.853268,-0.2044,-0.16086,0.20384
3227.27,0,0,5,5,100,100,-32.2727,1.57766,99.1543,0.000696598,-0.00415058,0.00607433,0,0,3.325,0.105,-0.91,-0.011956,0.541192,-0.853024,-0.2044,-0.16086,0.20384
3227.24,0,0,5,5,100,100,-32.2724,1.57366,99.1645,-0.00385002,-0.00365821,0.00460366,0,0,3.36,0.2275,-0.8575,-0.016592,0.54168,-0.854488,-0.2044,-0.16086,0.20384
3227.21,0,0,5,5,100,100,-32.2721,1.57197,99.1788,-0.00175533,-0.00487661,0.00632771,0,0,3.325,0.2975,-0.805,-0.014518,0.54046,-0.85278,-0.2016,-0.15764,0.203
3227.16,0,0,5,5,100,100,-32.2716,1.57528,99.1934,0.00316796,-0.0053557,0.00645473,0,0,3.5175,0.2975,-0.7875,-0.009516,0.539972,-0.852658,-0.2016,-0.15764,0.203
3227.15,0,0,5,5,100,100,-32.2715,1.57503,99.2077,1.36583e-05,-0.00474397,0.00633261,0,0,3.4475,0.105,-0.8925,-0.012688,0.540582,-0.85278,-0.2016,-0.15764,0.203
3227.67,0,0,5,5,100,100,-32.2767,1.57769,99.2248,0.0025185,-0.00286623,0.00923369,0,0,3.4125,0.0875,-0.84,-0.010126,0.542534,-0.849852,-0.2016,-0.15764,0.203
3227.68,0,0,5,5,100,100,-32.2768,1.57747,99.2391,0.000214134,-0.00433365,0.00579006,0,0,3.395,-0.0175,-0.875,-0.012444,0.54107,-0.853268,-0.2016,-0.15764,0.203
3227.54,0,0,5,5,100,100,-32.2754,1.57697,99.2526,0.00022271,-0.00626716,0.00715573,0,0,3.4475,-0.1575,-0.9275,-0.012444,0.539118,-0.851926,-0.2016,-0.15764,0.203
3227.88,0,0,5,5,100,100,-32.2788,1.57832,99.2685,0.00177856,-0.00338482,0.00810779,0,0,3.5,-0.1575,-0.9275,-0.010858,0.542046,-0.85095,-0.2016,-0.15764,0.203
3227.95,0,0,5,5,100,100,-32.2795,1.58006,99.2828,0.00211269,-0.00376129,0.00564146,0,0,3.535,0.035,-0.945,-0.010492,0.54168,-0.85339,-0.2016,-0.15764,0.203
3228.53,0,0,5,5,100,100,-32.2853,1.58026,99.2928,-7.75839e-05,-0.00372583,0.011734,0,0,3.4475,0.14,-0.875,-0.012688,0.541802,-0.84729,-0.2009,-0.15834,0.19558
3228.7,0,0,5,5,100,100,-32.287,1.57941,99.3006,-0.000670203,-0.0041161,0.00692441,0,0,3.22,0.0525,-0.805,-0.013298,0.541436,-0.852048,-0.2009,-0.15834,0.19558
3228.53,0,0,5,5,100,100,-32.2853,1.58094,99.3071,0.00234018,-0.00286962,0.000669099,0,0,3.2025,-0.105,-0.84,-0.010248,0.542656,-0.85827,-0.2009,-0.15834,0.19558
3228.92,0,0,5,5,100,100,-32.2892,1.58185,99.316,0.000987993,-0.00329366,0.00800906,0,0,3.15,0.035,-0.84,-0.01159,0.54229,-0.85095,-0.2009,-0.15834,0.19558
3228.4,0,0,5,5,100,100,-32.284,1.58405,99.3206,0.0030149,-0.00504782,0.000188224,0,0,3.3775,0.0525,-0.91,-0.009516,0.54046,-0.858758,-0.2009,-0.15834,0.19558
3228.43,0,0,5,5,100,100,-32.2843,1.58302,99.3275,-0.000854599,-0.00395333,0.00559561,0,0,3.43,0.1575,-0.875,-0.01342,0.541558,-0.85339,-0.2009,-0.15834,0.19558
3228.72,0,0,5,5,100,100,-32.2872,1.58612,99.3359,0.00297878,-0.0039964,0.00839443,0,0,3.4475,0.1925,-0.875,-0.009516,0.541558,-0.850584,-0.2009,-0.15834,0.19558
3228.7,0,0,5,5,100,100,-32.287,1.58749,99.3425,0.00137551,-0.00411398,0.00507692,0,0,3.5175,0.2975,-0.875,-0.011102,0.541436,-0.853878,-0.2009,-0.15834,0.19558
3228.71,0,0,5,5,100,100,-32.2871,1.58904,99.3495,0.00147008,-0.00484795,0.0069195,0,0,3.6225,0.2625,-0.84,-0.01098,0.540704,-0.852048,-0.2009,-0.15834,0.19558
3228.97,0,0,5,5,100,100,-32.2897,1.58879,99.3551,-0.000469464,-0.00244479,0.00603412,0,0,3.465,0.385,-0.945,-0.012932,0.543144,-0.852902,-0.20412,-0.15988,0.1988
3228.69,0,0,5,5,100,100,-32.2869,1.58898,99.3581,0.000377674,-0.0064331,0.00556867,0,0,3.395,0.3325,-0.9975,-0.012078,0.539118,-0.85339,-0.20412,-0.15988,0.1988
3228.35,0,0,5,5,100,100,-32.2835,1.58912,99.3607,0.000375209,-0.00467365,0.00252627,0,0,3.57,0.4025,-1.0325,-0.012078,0.540826,-0.85644,-0.20412,-0.15988,0.1988
3228.69,0,0,5,5,100,100,-32.2869,1.58565,99.3666,-0.00333027,-0.00509066,0.0115945,0,0,3.57,0.0525,-1.0325,-0.01586,0.54046,-0.847412,-0.20412,-0.15988,0.1988
3228.7,0,0,5,5,100,100,-32.287,1.58446,99.371,-0.00112271,-0.00411582,0.00593813,0,0,3.5525,0.245,-0.91,-0.013664,0.541436,-0.853024,-0.20412,-0.15988,0.1988
3229.15,0,0,5,5,100,100,-32.2915,1.58734,99.3779,0.00271462,-0.00454791,0.0111817,0,0,3.4825,0.1225,-0.91,-0.00976,0.54107,-0.847778,-0.20412,-0.15988,0.1988
3229.37,0,0,5,5,100,100,-32.2937,1.588,99.3837,0.000759174,-0.0036027,0.00710397,0,0,3.4475,0.07,-0.805,-0.011712,0.542046,-0.851804,-0.20412,-0.15988,0.1988
3229.48,0,0,5,5,100,100,-32.2948,1.59234,99.389,0.00444954,-0.00496077,0.007584,0,0,3.4825,0.1225,-0.8925,-0.00793,0.540704,-0.851316,-0.20412,-0.15988,0.1988
3229.66,0,0,5,5,100,100,-32.2966,1.5919,99.3981,-0.000523719,-0.00437722,0.00781302,0,0,3.325,0.14,-0.7175,-0.012932,0.541314,-0.851072,-0.20272,-0.15792,0.20006
3229.41,0,0,5,5,100,100,-32.2941,1.5948,99.4054,0.00319187,-0.00580446,0.00476185,0,0,3.4825,0.1225,-0.7875,-0.00915,0.53985,-0.854122,-0.20272,-0.15792,0.20006
3229.39,0,0,5,5,100,100,-32.2939,1.59647,99.4134,0.00158338,-0.00555756,0.00759037,0,0,3.57,0.315,-0.91,-0.010736,0.540094,-0.851316,-0.20272,-0.15792,0.20006
3229.63,0,0,5,5,100,100,-32.2963,1.59361,99.4221,-0.00298322,-0.00522755,0.0103968,0,0,3.4475,0.2275,-0.9275,-0.015372,0.54046,-0.84851,-0.20272,-0.15792,0.20006
3229.79,0,0,5,5,100,100,-32.2979,1.5954,99.4306,0.00196656,-0.00476204,0.00804526,0,0,3.43,0.1575,-1.05,-0.01037,0.540948,-0.850828,-0.20272,-0.15792,0.20006
3230.02,0,0,5,5,100,100,-32.3002,1.59882,99.4398,0.00360767,-0.00381863,0.00740731,0,0,3.5,0.07,-0.945,-0.008662,0.541924,-0.851438,-0.20272,-0.15792,0.20006
3230.2,0,0,5,5,100,100,-32.302,1.59681,99.4481,-0.00194557,-0.00360092,0.00653104,0,0,3.255,0.14,-0.8225,-0.014274,0.542168,-0.852292,-0.20272,-0.15792,0.20006
3230.28,0,0,5,5,100,100,-32.3028,1.60026,99.4564,0.00358258,-0.00556561,0.0077518,0,0,3.2375,0.0875,-0.8225,-0.008662,0.540216,-0.851072,-0.20272,-0.15792,0.20006
3230.33,0,0,5,5,100,100,-32.3033,1.60363,99.4527,0.00352376,-0.00557243,0.00774554,0,0,3.3425,0.07,-0.805,-0.008662,0.540216,-0.851072,-0.2093,-0.16128,0.19838
3230.52,0,0,5,5,100,100,-32.3052,1.60278,99.4495,-0.000349085,-0.00486775,0.00871186,0,0,3.36,-0.1925,-0.8575,-0.012566,0.540948,-0.850096,-0.2093,-0.16128,0.19838
3230.7,0,0,5,5,100,100,-32.307,1.60246,99.4459,-0.000343434,-0.00489469,0.00869502,0,0,3.3775,0.1925,-0.91,-0.012566,0.540948,-0.850096,-0.2093,-0.16128,0.19838
3230.95,0,0,5,5,100,100,-32.3095,1.60193,99.4429,-0.000577235,-0.00505337,0.00977874,0,0,3.395,0.1225,-0.84,-0.01281,0.540826,-0.848998,-0.2093,-0.16128,0.19838
3231.18,0,0,5,5,100,100,-32.3118,1.60135,99.4399,-0.000566993,-0.00508714,0.00975772,0,0,3.465,0.0875,-0.8575,-0.01281,0.540826,-0.848998,-0.2093,-0.16128,0.19838
3231.58,0,0,5,5,100,100,-32.3158,1.60158,99.4377,3.64136e-05,-0.00355828,0.00922861,0,0,3.43,0.21,-0.8925,-0.0122,0.542412,-0.849486,-0.2093,-0.16128,0.19838
3231.97,0,0,5,5,100,100,-32.3197,1.60167,99.4353,3.48517e-05,-0.00361556,0.00919232,0,0,3.43,0.175,-0.98,-0.0122,0.542412,-0.849486,-0.2093,-0.16128,0.19838
3231.77,0,0,5,5,100,100,-32.3177,1.60221,99.4305,0.00111871,-0.00431904,0.003309,0,0,3.465,0.07,-0.9625,-0.011102,0.54168,-0.855342,-0.2093,-0.16128,0.19838
3231.79,0,0,5,5,100,100,-32.3179,1.60266,99.4269,0.00111087,-0.00481064,0.0066264,0,0,3.43,-0.14,-0.9625,-0.011102,0.541192,-0.852048,-0.2093,-0.16128,0.19838
3231.64,0,0,5,5,100,100,-32.3164,1.60323,99.4289,0.00122253,-0.00674246,0.00737781,0,0,3.325,-0.105,-0.945,-0.01098,0.53924,-0.851316,-0.20874,-0.15904,0.20356
3231.61,0,0,5,5,100,100,-32.3161,1.60405,99.4313,0.00108675,-0.00453907,0.00541339,0,0,3.3775,0.1225,-0.875,-0.011102,0.541436,-0.853268,-0.20874,-0.15904,0.20356
3231.87,0,0,5,5,100,100,-32.3187,1.60362,99.4348,-0.000363725,-0.00592132,0.0110447,0,0,3.2725,0.0875,-0.945,-0.012566,0.540094,-0.847656,-0.20874,-0.15904,0.20356
3231.71,0,0,5,5,100,100,-32.3171,1.60247,99.4363,-0.000829602,-0.00638614,0.00700304,0,0,3.3775,0.105,-0.8925,-0.013054,0.539606,-0.851682,-0.20874,-0.15904,0.20356
3231.44,0,0,5,5,100,100,-32.3144,1.60185,99.4376,-0.00021123,-0.00720235,0.00702786,0,0,3.3775,0.0175,-0.805,-0.012444,0.538752,-0.851682,-0.20874,-0.15904,0.20356
3231.19,0,0,5,5,100,100,-32.3119,1.60079,99.4388,-0.000192782,-0.00716582,0.00705158,0,0,3.3425,-0.1575,-1.015,-0.012444,0.538752,-0.851682,-0.20874,-0.15904,0.20356
3231.18,0,0,5,5,100,100,-32.3118,1.60095,99.441,0.000411884,-0.00667552,0.00926569,0,0,3.4475,0.0875,-0.9625,-0.011834,0.53924,-0.849486,-0.20874,-0.15904,0.20356
3231.04,0,0,5,5,100,100,-32.3104,1.60273,99.443,0.00220311,-0.00469993,0.00411447,0,0,3.325,0.035,-0.7875,-0.010004,0.541192,-0.85461,-0.20874,-0.15904,0.20356
3230.77,0,0,5,5,100,100,-32.3077,1.60274,99.4404,0.000745052,-0.0058809,0.00475469,0,0,3.395,-0.0525,-0.945,-0.011468,0.539972,-0.854,-0.20916,-0.16044,0.20076
3230.84,0,0,5,5,100,100,-32.3084,1.60362,99.4394,0.00133707,-0.00515956,0.00782067,0,0,3.43,0,-1.0325,-0.010858,0.540704,-0.85095,-0.20916,-0.16044,0.20076
3230.65,0,0,5,5,100,100,-32.3065,1.60271,99.4371,-0.000347856,-0.00598535,0.00611831,0,0,3.4825,0,-0.945,-0.012566,0.53985,-0.852658,-0.20916,-0.16044,0.20076
3230.71,0,0,5,5,100,100,-32.3071,1.60229,99.4359,-9.75051e-05,-0.00428538,0.00648121,0,0,3.4475,0.0875,-0.98,-0.012322,0.541558,-0.852292,-0.20916,-0.16044,0.20076
3230.5,0,0,5,5,100,100,-32.305,1.60347,99.4334,0.00133967,-0.00657462,0.00650023,0,0,3.3775,0.28,-0.945,-0.010858,0.53924,-0.852292,-0.20916,-0.16044,0.20076
3230.93,0,0,5,5,100,100,-32.3093,1.6058,99.4344,0.00227104,-0.00309574,0.00842635,0,0,3.325,0.0525,-0.77,-0.009882,0.542778,-0.85034,-0.20916,-0.16044,0.20076
3230.92,0,0,5,5,100,100,-32.3092,1.6031,99.433,-0.00241984,-0.00504856,0.0067074,0,0,3.3075,0.035,-0.805,-0.01464,0.540826,-0.852048,-0.20916,-0.16044,0.20076
3230.7,0,0,5,5,100,100,-32.307,1.60069,99.4305,-0.00225634,-0.00599373,0.00623713,0,0,3.5525,0.21,-0.84,-0.014518,0.53985,-0.852536,-0.20916,-0.16044,0.20076
3230.67,0,0,5,5,100,100,-32.3067,1.60217,99.4197,0.00136244,-0.00757709,0.0106651,0,0,3.5525,0.2625,-0.8925,-0.010858,0.538264,-0.848144,-0.21014,-0.16366,0.19334
3230.94,0,0,5,5,100,100,-32.3094,1.60288,99.4103,0.00062106,-0.00322009,0.0070742,0,0,3.4125,0.2275,-0.875,-0.01159,0.542656,-0.851682,-0.21014,-0.16366,0.19334
3230.93,0,0,5,5,100,100,-32.3093,1.60266,99.3998,1.75214e-05,-0.00517309,0.00719793,0,0,3.535,0.105,-0.91,-0.0122,0.540704,-0.85156,-0.21014,-0.16366,0.19334
3230.75,0,0,5,5,100,100,-32.3075,1.60333,99.3887,0.00122069,-0.00624444,0.00610858,0,0,3.29,-0.035,-0.8575,-0.01098,0.539606,-0.852658,-0.21014,-0.16366,0.19334
3230.37,0,0,5,5,100,100,-32.3037,1.60056,99.3765,-0.00237556,-0.0049677,0.0022109,0,0,3.325,0.14,-0.7525,-0.01464,0.540826,-0.856562,-0.21014,-0.16366,0.19334
3230.5,0,0,5,5,100,100,-32.305,1.59814,99.3665,-0.00245483,-0.0044993,0.00724047,0,0,3.1675,0.1925,-0.805,-0.014762,0.541314,-0.85156,-0.21014,-0.16366,0.19334
3230.48,0,0,5,5,100,100,-32.3048,1.59854,99.3563,0.00057532,-0.00535188,0.00650401,0,0,3.15,0.105,-0.77,-0.011712,0.54046,-0.852292,-0.21014,-0.16366,0.19334
3230.93,0,0,5,5,100,100,-32.3093,1.60089,99.3486,0.00223515,-0.00492854,0.0115023,0,0,3.325,0.0525,-0.8225,-0.010004,0.540948,-0.84729,-0.21014,-0.16366,0.19334
3230.88,0,0,5,5,100,100,-32.3088,1.60239,99.3373,0.00184455,-0.00553139,0.00634256,0,0,3.2025,0.105,-0.9275,-0.01037,0.540338,-0.852414,-0.21224,-0.15974,0.19446
3230.73,0,0,5,5,100,100,-32.3073,1.60372,99.3257,0.00182131,-0.00587595,0.00586379,0,0,3.255,0.07,-0.9625,-0.01037,0.539972,-0.852902,-0.21224,-0.15974,0.19446
3230.86,0,0,5,5,100,100,-32.3086,1.6056,99.3155,0.00215299,-0.00418468,0.00658869,0,0,3.325,0.105,-0.9625,-0.010004,0.54168,-0.85217,-0.21224,-0.15974,0.19446
3231.1,0,0,5,5,100,100,-32.311,1.60584,99.306,0.000447999,-0.00446327,0.00877991,0,0,3.4825,0.07,-0.9975,-0.011712,0.541436,-0.849974,-0.21224,-0.15974,0.19446
3231.13,0,0,5,5,100,100,-32.3113,1.60664,99.2956,0.00116292,-0.0054455,0.00791551,0,0,3.4825,0.0875,-1.05,-0.01098,0.54046,-0.850828,-0.21224,-0.15974,0.19446
3231.04,0,0,5,5,100,100,-32.3104,1.6093,99.2849,0.00269585,-0.00469891,0.00497195,0,0,3.43,0.2975,-0.84,-0.009394,0.541192,-0.853756,-0.21224,-0.15974,0.19446
3231.4,0,0,5,5,100,100,-32.314,1.6097,99.2762,0.000259122,-0.00352975,0.00850426,0,0,3.36,0.1925,-0.8575,-0.011834,0.542412,-0.850218,-0.21224,-0.15974,0.19446
3231.71,0,0,5,5,100,100,-32.3171,1.60103,99.2715,-0.00201929,-0.00418867,0.00983117,0,0,3.5525,-4.41,-0.9625,-0.014274,0.541802,-0.848876,-0.21224,-0.15974,0.19446
3231.34,0,0,5,5,100,100,-32.3134,1.59971,99.2598,-0.000659836,-0.00743196,0.00654657,0,0,3.5525,-0.0525,-0.91,-0.012932,0.538508,-0.85217,-0.21224,-0.15974,0.19446
3231.53,0,0,5,5,100,100,-32.3153,1.59882,99.2594,-0.000644414,-0.00318525,0.00640659,0,0,3.5175,0,-0.8225,-0.012932,0.542778,-0.852292,-0.20734,-0.16422,0.19684
3231.39,0,0,5,5,100,100,-32.3139,1.59977,99.2576,0.0014043,-0.004752,0.00506683,0,0,3.6575,0.0175,-0.8575,-0.010858,0.541192,-0.853634,-0.20734,-0.16422,0.19684
3231.96,0,0,5,5,100,100,-32.3196,1.59844,99.2588,-0.00148814,-0.00300424,0.0105471,0,0,3.43,0.0525,-0.8225,-0.013786,0.543022,-0.848144,-0.20734,-0.16422,0.19684
3231.57,0,0,5,5,100,100,-32.3157,1.59986,99.2557,0.00176723,-0.00612236,0.00406614,0,0,3.57,0.1925,-0.84,-0.010492,0.53985,-0.85461,-0.20734,-0.16422,0.19684
3231.62,0,0,5,5,100,100,-32.3162,1.60102,99.2545,0.00138244,-0.00600803,0.00897847,0,0,3.4825,0.1225,-0.9975,-0.010858,0.539972,-0.84973,-0.20734,-0.16422,0.19684
3231.63,0,0,5,5,100,100,-32.3163,1.60027,99.2528,-0.000426738,-0.00588628,0.00811803,0,0,3.3775,0.0875,-0.9975,-0.012688,0.540094,-0.850584,-0.20734,-0.16422,0.19684
3231.73,0,0,5,5,100,100,-32.3173,1.60138,99.2519,0.00161913,-0.00419149,0.00663253,0,0,3.465,0,-1.05,-0.010614,0.541802,-0.852048,-0.20734,-0.16422,0.19684
3231.75,0,0,5,5,100,100,-32.3175,1.60015,99.2504,-0.000910466,-0.00480534,0.0068771,0,0,3.465,0.0875,-0.98,-0.013176,0.541192,-0.851804,-0.20734,-0.16422,0.19684
3231.86,0,0,5,5,100,100,-32.3186,1.60046,99.2512,0.000541852,-0.00543186,0.00883404,0,0,3.5,0.0875,-0.98,-0.011712,0.540582,-0.849852,-0.20748,-0.1638,0.19866
3231.95,0,0,5,5,100,100,-32.3195,1.60079,99.2517,0.000171652,-0.00471254,0.00784176,0,0,3.64,0.3675,-0.98,-0.012078,0.541314,-0.850828,-0.20748,-0.1638,0.19866
3232.07,0,0,5,5,100,100,-32.3207,1.6049,99.2529,0.00374457,-0.00582813,0.00930437,0,0,3.535,0.35,-0.77,-0.008418,0.540216,-0.849364,-0.20748,-0.1638,0.19866
3232.06,0,0,5,5,100,100,-32.3206,1.60657,99.2534,0.0016502,-0.00521641,0.00684512,0,0,3.4125,0.1925,-0.735,-0.010492,0.540826,-0.851804,-0.20748,-0.1638,0.19866
3231.97,0,0,5,5,100,100,-32.3197,1.60396,99.253,-0.00255629,-0.00691241,0.00894547,0,0,3.4475,0.175,-0.84,-0.014762,0.539118,-0.84973,-0.20748,-0.1638,0.19866
3231.83,0,0,5,5,100,100,-32.3183,1.601,99.2527,-0.00274774,-0.00616025,0.00736112,0,0,3.465,0.07,-0.77,-0.015006,0.53985,-0.851316,-0.20748,-0.1638,0.19866
3231.85,0,0,5,5,100,100,-32.3185,1.60318,99.2535,0.00231675,-0.0056744,0.00784997,0,0,3.43,0.0525,-0.735,-0.009882,0.540338,-0.850828,-0.20748,-0.1638,0.19866
3231.51,0,0,5,5,100,100,-32.3151,1.60288,99.252,1.37025e-05,-0.00599044,0.00431648,0,0,3.465,0.2275,-0.8925,-0.0122,0.539972,-0.854366,-0.20748,-0.1638,0.19866
3231.54,0,0,5,5,100,100,-32.3154,1.6034,99.2547,0.000490632,-0.00709415,0.0105837,0,0,3.5175,0.21,-0.9275,-0.011712,0.538874,-0.848144,-0.21042,-0.16212,0.20496
3231.74,0,0,5,5,100,100,-32.3174,1.60361,99.2581,1.05565e-06,-0.00382642,0.00749105,0,0,3.5,0.28,-0.8225,-0.0122,0.542168,-0.851194,-0.21042,-0.16212,0.20496
3232.05,0,0,5,5,100,100,-32.3205,1.60856,99.2625,0.0048955,-0.00338157,0.00770646,0,0,3.605,0.21,-0.8925,-0.007198,0.542656,-0.85095,-0.21042,-0.16212,0.20496
3232.07,0,0,5,5,100,100,-32.3207,1.609,99.2653,0.000514278,-0.0043614,0.00598314,0,0,3.4475,0.1575,-0.77,-0.01159,0.54168,-0.852658,-0.21042,-0.16212,0.20496
3232.27,0,0,5,5,100,100,-32.3227,1.6084,99.2686,-0.00105446,-0.00488051,0.00879194,0,0,3.255,0.3325,-0.6825,-0.013176,0.541192,-0.849852,-0.21042,-0.16212,0.20496
3232.53,0,0,5,5,100,100,-32.3253,1.61154,99.2725,0.0031428,-0.00296329,0.00630786,0,0,3.4475,0.1925,-0.8575,-0.008906,0.543144,-0.852292,-0.21042,-0.16212,0.20496
3232.76,0,0,5,5,100,100,-32.3276,1.61019,99.2761,-0.00145024,-0.0054409,0.0107126,0,0,3.5525,0.14,-0.8575,-0.013542,0.540704,-0.8479,-0.21042,-0.16212,0.20496
3232.79,0,0,5,5,100,100,-32.3279,1.60855,99.2784,-0.00190743,-0.00520038,0.00763747,0,0,3.465,0.35,-0.805,-0.01403,0.540948,-0.85095,-0.21042,-0.16212,0.20496
3232.57,0,0,5,5,100,100,-32.3257,1.60564,99.2743,-0.00307154,-0.00687892,0.00741303,0,0,3.4125,0.3325,-0.7525,-0.01525,0.53924,-0.851194,-0.21098,-0.15974,0.19992
3232.09,0,0,5,5,100,100,-32.3209,1.6029,99.2688,-0.00241637,-0.00705315,0.00413931,0,0,3.2725,0.2275,-0.84,-0.01464,0.538996,-0.854488,-0.21098,-0.15974,0.19992
3232.26,0,0,5,5,100,100,-32.3226,1.60076,99.2665,-0.00225752,-0.00475889,0.00805835,0,0,3.1325,0.21,-0.805,-0.014518,0.541314,-0.850584,-0.21098,-0.15974,0.19992
3232.14,0,0,5,5,100,100,-32.3214,1.59964,99.2632,-0.00102317,-0.00559625,0.00659471,0,0,3.535,0.1925,-0.8225,-0.013298,0.54046,-0.852048,-0.21098,-0.15974,0.19992
3232.37,0,0,5,5,100,100,-32.3237,1.60308,99.2619,0.00316889,-0.00575063,0.0103837,0,0,3.465,0.245,-0.7875,-0.009028,0.540338,-0.848266,-0.21098,-0.15974,0.19992
3232.56,0,0,5,5,100,100,-32.3256,1.60636,99.2605,0.0031116,-0.00577833,0.0103643,0,0,3.605,0.2275,-0.8575,-0.009028,0.540338,-0.848266,-0.21098,-0.15974,0.19992
3232.57,0,0,5,5,100,100,-32.3257,1.60581,99.2582,-0.000644809,-0.00565732,0.00864263,0,0,3.745,0.21,-0.805,-0.01281,0.54046,-0.849974,-0.21098,-0.15974,0.19992
3232.61,0,0,5,5,100,100,-32.3261,1.60501,99.2559,-0.000630956,-0.00566306,0.00863945,0,0,3.57,0.07,-0.8575,-0.01281,0.54046,-0.849974,-0.21098,-0.15974,0.19992
3231.78,0,0,5,5,100,100,-32.3178,1.60418,99.2493,-8.91888e-06,-0.0057861,-0.00197989,0,0,3.43,0.175,-0.8925,-0.0122,0.540216,-0.860588,-0.21098,-0.15974,0.19992
3230.97,0,0,5,5,100,100,-32.3097,1.60361,99.236,9.30707e-07,-0.00566623,-0.00190374,0,0,3.4825,0.315,-0.84,-0.0122,0.540216,-0.860588,-0.21154,-0.1603,0.19404
3231.29,0,0,5,5,100,100,-32.3129,1.60055,99.2279,-0.00322577,-0.00412705,0.00962453,0,0,3.4475,0.175,-0.875,-0.015494,0.541802,-0.84912,-0.21154,-0.1603,0.19404
3231.63,0,0,5,5,100,100,-32.3163,1.59748,99.2201,-0.00317226,-0.00417748,0.0095944,0,0,3.325,0.105,-0.8225,-0.015494,0.541802,-0.84912,-0.21154,-0.1603,0.19404
3230.9,0,0,5,5,100,100,-32.309,1.59215,99.2071,-0.00465846,-0.00749155,0.00228727,0,0,3.36,0.105,-0.8925,-0.01708,0.538386,-0.85644,-0.21154,-0.1603,0.19404
3230.78,0,0,5,5,100,100,-32.3078,1.59047,99.1972,-0.00171356,-0.00515321,0.00598803,0,0,3.57,0.3325,-0.8925,-0.014152,0.540704,-0.85278,-0.21154,-0.1603,0.19404
3230.48,0,0,5,5,100,100,-32.3048,1.59034,99.1866,0.000111017,-0.00559715,0.00417205,0,0,3.4825,0.2975,-0.945,-0.012322,0.540216,-0.85461,-0.21154,-0.1603,0.19404
3230.2,0,0,5,5,100,100,-32.302,1.58994,99.1763,0.000117919,-0.0055565,0.00419798,0,0,3.3775,0.0875,-0.91,-0.012322,0.540216,-0.85461,-0.21154,-0.1603,0.19404
3230,0,0,5,5,100,100,-32.3,1.58793,99.1667,-0.00166927,-0.00394066,0.00323337,0,0,3.57,0.0875,-0.7875,-0.014152,0.541802,-0.855586,-0.21154,-0.1603,0.19404
3229.8,0,0,5,5,100,100,-32.298,1.58907,99.1654,0.00146953,-0.00513105,0.00460467,0,0,3.5525,0.105,-0.7875,-0.01098,0.540582,-0.854244,-0.20594,-0.1617,0.19446
3229.76,0,0,5,5,100,100,-32.2976,1.58824,99.1648,-0.000702826,-0.00195094,0.00190332,0,0,3.5525,0.1925,-0.735,-0.013176,0.543754,-0.856928,-0.20594,-0.1617,0.19446
3230.02,0,0,5,5,100,100,-32.3002,1.591,99.1657,0.00265075,-0.00467542,0.00962367,0,0,3.675,0.21,-0.91,-0.00976,0.54107,-0.849242,-0.20594,-0.1617,0.19446
3229.74,0,0,5,5,100,100,-32.2974,1.59127,99.1637,0.000337728,-0.0048778,0.00362551,0,0,3.6575,0.385,-0.8925,-0.012078,0.540826,-0.85522,-0.20594,-0.1617,0.19446
3229.57,0,0,5,5,100,100,-32.2957,1.5929,99.1624,0.00176709,-0.00509722,0.0052386,0,0,3.6575,0.2975,-0.9275,-0.010614,0.540582,-0.853634,-0.20594,-0.1617,0.19446
3229.48,0,0,5,5,100,100,-32.2948,1.59355,99.1612,0.000419514,-0.00508321,0.00610773,0,0,3.605,0.455,-0.875,-0.011956,0.540582,-0.85278,-0.20594,-0.1617,0.19446
3229.93,0,0,5,5,100,100,-32.2993,1.59308,99.1622,-0.00103023,-0.00344003,0.0100003,0,0,3.5175,0.49,-0.9975,-0.01342,0.54229,-0.848876,-0.20594,-0.1617,0.19446
3230.12,0,0,5,5,100,100,-32.3012,1.59592,99.1625,0.00256487,-0.00334531,0.00666169,0,0,3.6575,0.455,-0.9625,-0.00976,0.542412,-0.85217,-0.20594,-0.1617,0.19446
3229.89,0,0,5,5,100,100,-32.2989,1.59907,99.1575,0.00336025,-0.0052645,0.00459177,0,0,3.675,0.315,-0.945,-0.008906,0.54046,-0.854244,-0.20944,-0.16226,0.196
3229.98,0,0,5,5,100,100,-32.2998,1.59984,99.154,0.000795724,-0.00478854,0.00778006,0,0,3.605,0.175,-0.8575,-0.011468,0.540948,-0.851072,-0.20944,-0.16226,0.196
3230.05,0,0,5,5,100,100,-32.3005,1.60202,99.1503,0.00221544,-0.0051655,0.00789506,0,0,3.5175,0.2625,-0.9625,-0.010004,0.540582,-0.85095,-0.20944,-0.16226,0.196
3230.1,0,0,5,5,100,100,-32.301,1.60165,99.1464,-0.000207825,-0.00505024,0.00776798,0,0,3.5875,0.1575,-0.9625,-0.012444,0.540704,-0.851072,-0.20944,-0.16226,0.196
3230.16,0,0,5,5,100,100,-32.3016,1.60066,99.1426,-0.000797936,-0.00444853,0.00714817,0,0,3.64,0.1575,-0.9975,-0.013054,0.541314,-0.851682,-0.20944,-0.16226,0.196
3230,0,0,5,5,100,100,-32.3,1.60166,99.1379,0.00124993,-0.00540241,0.00544094,0,0,3.4475,0.2275,-0.945,-0.01098,0.540338,-0.85339,-0.20944,-0.16226,0.196
3229.96,0,0,5,5,100,100,-32.2996,1.60115,99.1335,-0.000563572,-0.00490808,0.00630555,0,0,3.4825,0.35,-0.9275,-0.01281,0.540826,-0.852536,-0.20944,-0.16226,0.196
3230.02,0,0,5,5,100,100,-32.3002,1.60128,99.1299,-7.9941e-05,-0.00467209,0.00728384,0,0,3.5875,0.3325,-0.8225,-0.012322,0.54107,-0.85156,-0.20944,-0.16226,0.196
3229.77,0,0,5,5,100,100,-32.2977,1.60127,99.125,0.000163268,-0.00414674,0.00238919,0,0,3.43,0.245,-0.7525,-0.012078,0.541558,-0.85644,-0.20944,-0.16226,0.196
3229.49,0,0,5,5,100,100,-32.2949,1.60076,99.1253,-0.000313773,-0.0065479,0.0058582,0,0,3.43,0.1925,-0.805,-0.012566,0.539118,-0.853024,-0.20706,-0.16212,0.1981
3229.55,0,0,5,5,100,100,-32.2955,1.60046,99.1275,-0.000187078,-0.00496955,0.00769672,0,0,3.5175,0.07,-0.77,-0.012444,0.540704,-0.851194,-0.20706,-0.16212,0.1981
3229.28,0,0,5,5,100,100,-32.2928,1.6004,99.128,5.69828e-05,-0.00602873,0.00550894,0,0,3.605,0.21,-0.7525,-0.0122,0.539606,-0.85339,-0.20706,-0.16212,0.1981
3229.32,0,0,5,5,100,100,-32.2932,1.59879,99.13,-0.00161578,-0.00579115,0.00894821,0,0,3.535,0.105,-0.7525,-0.013908,0.53985,-0.849974,-0.20706,-0.16212,0.1981
3229.24,0,0,5,5,100,100,-32.2924,1.59757,99.1314,-0.00086562,-0.00480227,0.00575975,0,0,3.5175,0,-0.7875,-0.013176,0.540826,-0.853146,-0.20706,-0.16212,0.1981
3229.19,0,0,5,5,100,100,-32.2919,1.59622,99.1327,-0.00108494,-0.00442958,0.00564157,0,0,3.5175,0.0875,-0.8575,-0.01342,0.541192,-0.853268,-0.20706,-0.16212,0.1981
3228.92,0,0,5,5,100,100,-32.2892,1.59748,99.1331,0.00180868,-0.00585478,0.00468273,0,0,3.4475,0.07,-0.91,-0.010492,0.539728,-0.854244,-0.20706,-0.16212,0.1981
3229.01,0,0,5,5,100,100,-32.2901,1.59802,99.1352,0.000948901,-0.00440186,0.00688753,0,0,3.4825,-0.0525,-0.8575,-0.011346,0.541192,-0.852048,-0.20706,-0.16212,0.1981
3228.8,0,0,5,5,100,100,-32.288,1.59796,99.1328,0.00046393,-0.00644657,0.0060468,0,0,3.255,-0.035,-0.805,-0.011834,0.539118,-0.852902,-0.20958,-0.16044,0.19838
3228.9,0,0,5,5,100,100,-32.289,1.5981,99.132,0.000583108,-0.00401867,0.00640632,0,0,3.4475,-0.0525,-0.8925,-0.011712,0.541558,-0.852536,-0.20958,-0.16044,0.19838
3228.88,0,0,5,5,100,100,-32.2888,1.59955,99.1309,0.00189406,-0.00462711,0.00652982,0,0,3.745,0,-0.91,-0.01037,0.540948,-0.852414,-0.20958,-0.16044,0.19838
3228.58,0,0,5,5,100,100,-32.2858,1.59976,99.1282,0.000918589,-0.00555953,0.0045907,0,0,3.745,0.0175,-1.0325,-0.011346,0.539972,-0.854366,-0.20958,-0.16044,0.19838
3228.68,0,0,5,5,100,100,-32.2868,1.60181,99.1272,0.00221911,-0.00459583,0.00740892,0,0,3.605,0.21,-1.015,-0.010004,0.540948,-0.85156,-0.20958,-0.16044,0.19838
3228.52,0,0,5,5,100,100,-32.2852,1.60084,99.1249,-0.000679649,-0.00616059,0.00693214,0,0,3.5,0.1225,-0.91,-0.012932,0.539362,-0.852048,-0.20958,-0.16044,0.19838
3228.3,0,0,5,5,100,100,-32.283,1.59922,99.1221,-0.00138018,-0.00417444,0.00338787,0,0,3.64,0.2975,-1.015,-0.013664,0.541314,-0.855586,-0.20958,-0.16044,0.19838
3228.09,0,0,5,5,100,100,-32.2809,1.59843,99.1193,-0.000516137,-0.0081741,0.00943208,0,0,3.4825,0.1925,-1.05,-0.01281,0.537288,-0.849608,-0.20958,-0.16044,0.19838
3228.36,0,0,5,5,100,100,-32.2836,1.59909,99.1301,0.00080882,-0.00357348,0.00768503,0,0,3.4125,0.1225,-0.98,-0.011468,0.541924,-0.851316,-0.20426,-0.16352,0.20272
3228.45,0,0,5,5,100,100,-32.2845,1.59945,99.1397,0.000316556,-0.00346403,0.00534079,0,0,3.43,0.3675,-0.98,-0.011956,0.542046,-0.853634,-0.20426,-0.16352,0.20272
3228.63,0,0,5,5,100,100,-32.2863,1.59803,99.1498,-0.00160248,-0.00471295,0.00888965,0,0,3.5,0.28,-0.91,-0.013908,0.540826,-0.850096,-0.20426,-0.16352,0.20272
3228.06,0,0,5,5,100,100,-32.2806,1.59689,99.1563,-0.000610745,-0.00682691,0.00291909,0,0,3.5,0.21,-0.945,-0.012932,0.53863,-0.856074,-0.20426,-0.16352,0.20272
3227.93,0,0,5,5,100,100,-32.2793,1.59607,99.1649,-0.000353432,-0.00607504,0.00662009,0,0,3.29,-0.0175,-0.8575,-0.012688,0.539362,-0.852414,-0.20426,-0.16352,0.20272
3228.15,0,0,5,5,100,100,-32.2815,1.59473,99.1748,-0.00118047,-0.00439747,0.00795295,0,0,3.15,0.07,-0.8925,-0.013542,0.54107,-0.851072,-0.20426,-0.16352,0.20272
3227.94,0,0,5,5,100,100,-32.2794,1.59559,99.1832,0.0014772,-0.0050994,0.00416053,0,0,3.395,-0.0525,-0.805,-0.010858,0.540338,-0.854854,-0.20426,-0.16352,0.20272
3228.02,0,0,5,5,100,100,-32.2802,1.59696,99.1927,0.0018178,-0.00279037,0.00402961,0,0,3.43,0.0175,-0.875,-0.010492,0.542656,-0.854976,-0.20426,-0.16352,0.20272
3228.16,0,0,5,5,100,100,-32.2816,1.59852,99.1934,0.00191198,-0.00415478,0.00659735,0,0,3.255,0.0525,-0.9275,-0.01037,0.541314,-0.852414,-0.21042,-0.16506,0.20286
3228.31,0,0,5,5,100,100,-32.2831,1.59668,99.194,-0.00121445,-0.000512615,0.00129796,0,0,3.3075,-0.0875,-0.91,-0.013542,0.544974,-0.85766,-0.21042,-0.16506,0.20286
3228.57,0,0,5,5,100,100,-32.2857,1.5951,99.1952,-0.00118688,-0.00384933,0.00815916,0,0,3.3775,-0.07,-0.98,-0.013542,0.54168,-0.850828,-0.21042,-0.16506,0.20286
3228.05,0,0,5,5,100,100,-32.2805,1.59745,99.1931,0.00302411,-0.00792443,0.00476402,0,0,3.43,0.0525,-0.8575,-0.009272,0.537532,-0.854244,-0.21042,-0.16506,0.20286
3228.2,0,0,5,5,100,100,-32.282,1.59633,99.1936,-0.000843894,-0.00318335,0.00561149,0,0,3.36,0.0875,-0.945,-0.013176,0.54229,-0.85339,-0.21042,-0.16506,0.20286
3227.96,0,0,5,5,100,100,-32.2796,1.59704,99.1925,0.00120888,-0.00681144,0.00661723,0,0,3.4475,0.07,-0.945,-0.011102,0.53863,-0.852414,-0.21042,-0.16506,0.20286
3227.95,0,0,5,5,100,100,-32.2795,1.59734,99.1924,0.000231873,-0.00571061,0.00784761,0,0,3.4825,0.2625,-0.84,-0.012078,0.539728,-0.851194,-0.21042,-0.16506,0.20286
3227.75,0,0,5,5,100,100,-32.2775,1.59588,99.1913,-0.00156498,-0.00299515,0.00171914,0,0,3.5875,0.42,-0.7875,-0.013908,0.542412,-0.857294,-0.21042,-0.16506,0.20286
3228,0,0,5,5,100,100,-32.28,1.59572,99.1922,-0.000711741,-0.0036431,0.00772014,0,0,3.4125,0.49,-0.8225,-0.013054,0.541802,-0.851316,-0.21042,-0.16506,0.20286
3228.06,0,0,5,5,100,100,-32.2806,1.59554,99.1928,-0.000222707,-0.0042619,0.00648559,0,0,3.5175,0.2625,-0.8575,-0.012566,0.541192,-0.852536,-0.21406,-0.1624,0.20804
3227.93,0,0,5,5,100,100,-32.2793,1.59558,99.1927,0.000384048,-0.00619795,0.00748052,0,0,3.5875,0.07,-0.91,-0.011956,0.53924,-0.85156,-0.21406,-0.1624,0.20804
3227.86,0,0,5,5,100,100,-32.2786,1.59688,99.193,0.00194063,-0.00459934,0.00527362,0,0,3.535,-0.035,-0.9625,-0.01037,0.540826,-0.853756,-0.21406,-0.1624,0.20804
3227.9,0,0,5,5,100,100,-32.279,1.5962,99.194,0.000130273,-0.00472697,0.00723771,0,0,3.64,-0.28,-0.945,-0.0122,0.540704,-0.851804,-0.21406,-0.1624,0.20804
3227.94,0,0,5,5,100,100,-32.2794,1.5942,99.195,-0.0012927,-0.00363491,0.0060049,0,0,3.745,-0.21,-0.945,-0.013664,0.541802,-0.853024,-0.21406,-0.1624,0.20804
3227.96,0,0,5,5,100,100,-32.2796,1.59446,99.1954,0.000403555,-0.00436962,0.00600352,0,0,3.4825,0.1925,-0.8925,-0.011956,0.54107,-0.853024,-0.21406,-0.1624,0.20804
3228.44,0,0,5,5,100,100,-32.2844,1.59629,99.198,0.00182952,-0.00285338,0.00903107,0,0,3.395,0.1575,-0.9975,-0.010492,0.542656,-0.849974,-0.21406,-0.1624,0.20804
3228.46,0,0,5,5,100,100,-32.2846,1.59671,99.1981,0.000364285,-0.00541997,0.00730833,0,0,3.325,0.3325,-0.9275,-0.011956,0.540094,-0.851682,-0.21406,-0.1624,0.20804
3228.6,0,0,5,5,100,100,-32.286,1.59216,99.207,-0.0046587,-0.00470879,0.00803501,0,0,3.2025,0.21,-0.875,-0.01708,0.540826,-0.85095,-0.20538,-0.16044,0.2037
3228.62,0,0,5,5,100,100,-32.2862,1.59137,99.2156,-0.000635875,-0.00459032,0.00631187,0,0,3.36,0.21,-0.9625,-0.013054,0.540948,-0.852658,-0.20538,-0.16044,0.2037
3228.49,0,0,5,5,100,100,-32.2849,1.59048,99.2234,-0.000863391,-0.00481618,0.00521746,0,0,3.5175,0.35,-0.945,-0.013298,0.540704,-0.853756,-0.20538,-0.16044,0.2037
3228.38,0,0,5,5,100,100,-32.2838,1.58977,99.2311,-0.00085099,-0.00479918,0.00522861,0,0,3.4825,0.4375,-0.91,-0.013298,0.540704,-0.853756,-0.20538,-0.16044,0.2037
3228.11,0,0,5,5,100,100,-32.2811,1.58993,99.2378,0.000239645,-0.0047604,0.0031629,0,0,3.4475,0.455,-0.9975,-0.0122,0.540704,-0.85583,-0.20538,-0.16044,0.2037
3227.88,0,0,5,5,100,100,-32.2788,1.58965,99.2451,0.000244466,-0.00472621,0.00318465,0,0,3.3075,0.0875,-0.8925,-0.0122,0.540704,-0.85583,-0.20538,-0.16044,0.2037
3227.56,0,0,5,5,100,100,-32.2756,1.58897,99.2518,-0.000229642,-0.00516736,0.00272316,0,0,3.255,0.105,-0.7875,-0.012688,0.540216,-0.856318,-0.20538,-0.16044,0.2037
3227.25,0,0,5,5,100,100,-32.2725,1.58792,99.2586,-0.00021124,-0.00512223,0.00275226,0,0,3.22,-0.1225,-0.8575,-0.012688,0.540216,-0.856318,-0.20538,-0.16044,0.2037
3227.33,0,0,5,5,100,100,-32.2733,1.58862,99.2655,0.00123446,-0.00391263,0.00557231,0,0,3.29,-0.0525,-0.91,-0.011224,0.541436,-0.853512,-0.20314,-0.16226,0.19908
3227.45,0,0,5,5,100,100,-32.2745,1.58872,99.2726,0.000625161,-0.00405183,0.00629916,0,0,3.29,-0.0875,-0.8925,-0.011834,0.541314,-0.85278,-0.20314,-0.16226,0.19908
3227.97,0,0,5,5,100,100,-32.2797,1.58854,99.2815,2.09582e-05,-0.00254134,0.00907835,0,0,3.36,-0.0875,-0.8925,-0.012444,0.5429,-0.849974,-0.20314,-0.16226,0.19908
3228.02,0,0,5,5,100,100,-32.2802,1.58804,99.2881,-9.1933e-05,-0.00462462,0.00710695,0,0,3.5875,0.035,-0.9975,-0.012566,0.540826,-0.851926,-0.20314,-0.16226,0.19908
3227.88,0,0,5,5,100,100,-32.2788,1.58854,99.2937,0.000992842,-0.00606962,0.00699668,0,0,3.5875,0.105,-1.085,-0.011468,0.539362,-0.852048,-0.20314,-0.16226,0.19908
3227.83,0,0,5,5,100,100,-32.2783,1.58944,99.2998,0.00109863,-0.00398652,0.00478748,0,0,3.57,0.21,-0.8925,-0.011346,0.541436,-0.854244,-0.20314,-0.16226,0.19908
3227.86,0,0,5,5,100,100,-32.2786,1.59144,99.3063,0.00215704,-0.00496632,0.00699764,0,0,3.5525,0.175,-0.875,-0.010248,0.54046,-0.852048,-0.20314,-0.16226,0.19908
3228.27,0,0,5,5,100,100,-32.2827,1.59119,99.3144,-0.000389723,-0.00368383,0.00966418,0,0,3.395,0.105,-0.805,-0.01281,0.541802,-0.849364,-0.20314,-0.16226,0.19908
3228.51,0,0,5,5,100,100,-32.2851,1.59201,99.3216,0.000810847,-0.00420744,0.00816616,0,0,3.36,0.175,-0.875,-0.01159,0.541314,-0.850828,-0.20314,-0.16226,0.19908
3228.53,0,0,5,5,100,100,-32.2853,1.5909,99.3141,-0.000870668,-0.0045777,0.00644306,0,0,3.4125,0.1225,-0.9275,-0.013298,0.540948,-0.852536,-0.2093,-0.16072,0.1939
3228.92,0,0,5,5,100,100,-32.2892,1.5902,99.3085,-0.000979974,-0.00414611,0.0102189,0,0,3.4475,0.245,-0.8925,-0.01342,0.541436,-0.848754,-0.2093,-0.16072,0.1939
3228.96,0,0,5,5,100,100,-32.2896,1.59038,99.3014,0.000353307,-0.00403085,0.00541947,0,0,3.2725,0.14,-0.8225,-0.012078,0.541558,-0.853512,-0.2093,-0.16072,0.1939
3228.91,0,0,5,5,100,100,-32.2891,1.58965,99.2937,-0.000605817,-0.00695399,0.00862154,0,0,3.15,0.175,-0.8925,-0.013054,0.53863,-0.85034,-0.2093,-0.16072,0.1939
3228.43,0,0,5,5,100,100,-32.2843,1.59059,99.2842,0.00120008,-0.00590648,0.00178043,0,0,3.22,0.35,-0.805,-0.011224,0.539606,-0.857172,-0.2093,-0.16072,0.1939
3228.55,0,0,5,5,100,100,-32.2855,1.58993,99.2775,-0.000732272,-0.0033592,0.00508943,0,0,3.1675,0.2275,-0.735,-0.013176,0.542168,-0.853878,-0.2093,-0.16072,0.1939
3228.51,0,0,5,5,100,100,-32.2851,1.59047,99.2708,0.000837698,-0.00567421,0.00755151,0,0,3.535,0.0175,-0.805,-0.01159,0.53985,-0.851438,-0.2093,-0.16072,0.1939
3228.43,0,0,5,5,100,100,-32.2843,1.58935,99.2637,-0.000965049,-0.00517355,0.00669919,0,0,3.6925,0.1225,-0.8225,-0.01342,0.540338,-0.852292,-0.2093,-0.16072,0.1939
3228.57,0,0,5,5,100,100,-32.2857,1.58731,99.2574,-0.00226592,-0.00262972,0.00508886,0,0,3.5,0.2975,-0.77,-0.014762,0.5429,-0.853878,-0.20846,-0.16184,0.19292
3228.25,0,0,5,5,100,100,-32.2825,1.58532,99.2488,-0.00198817,-0.00380456,0.00118498,0,0,3.43,0.4025,-0.805,-0.014518,0.54168,-0.857782,-0.20846,-0.16184,0.19292
3228.46,0,0,5,5,100,100,-32.2846,1.5841,99.2428,-0.00135946,-0.00505707,0.00964938,0,0,3.4825,0.245,-0.945,-0.013908,0.54046,-0.849364,-0.20846,-0.16184,0.19292
3228.51,0,0,5,5,100,100,-32.2851,1.58614,99.2367,0.00249251,-0.00445362,0.00632407,0,0,3.4475,0.0175,-0.91,-0.010004,0.54107,-0.852658,-0.20846,-0.16184,0.19292
3228.79,0,0,5,5,100,100,-32.2879,1.58482,99.2312,-0.00112906,-0.00327413,0.00752791,0,0,3.4125,0.105,-1.0325,-0.013664,0.54229,-0.851438,-0.20846,-0.16184,0.19292
3228.79,0,0,5,5,100,100,-32.2879,1.58575,99.2246,0.00140593,-0.00486068,0.00605269,0,0,3.3075,0.07,-0.9975,-0.011102,0.540704,-0.852902,-0.20846,-0.16184,0.19292
3228.7,0,0,5,5,100,100,-32.287,1.58503,99.2179,-0.00040378,-0.00545856,0.00643001,0,0,3.4125,0.035,-0.805,-0.012932,0.540094,-0.852536,-0.20846,-0.16184,0.19292
3228.54,0,0,5,5,100,100,-32.2854,1.58433,99.2109,-0.000391613,-0.0058022,0.00595298,0,0,3.325,0.07,-0.7875,-0.012932,0.539728,-0.853024,-0.20846,-0.16184,0.19292
3228.25,0,0,5,5,100,100,-32.2825,1.58716,99.2174,0.00320365,-0.00465971,0.0020444,0,0,3.325,0.28,-0.875,-0.009272,0.540826,-0.856928,-0.2044,-0.16002,0.20132
3227.82,0,0,5,5,100,100,-32.2782,1.58757,99.2228,0.000645241,-0.00520668,0.00134669,0,0,3.2725,0.4025,-0.8925,-0.011834,0.540216,-0.85766,-0.2044,-0.16002,0.20132
3227.84,0,0,5,5,100,100,-32.2784,1.58821,99.2303,0.000998484,-0.00362112,0.00417282,0,0,3.22,0.14,-0.9275,-0.011468,0.541802,-0.854854,-0.2044,-0.16002,0.20132
3228.13,0,0,5,5,100,100,-32.2813,1.59031,99.2394,0.00205538,-0.00195347,0.0051286,0,0,3.3775,0.2625,-0.8575,-0.01037,0.54351,-0.853878,-0.2044,-0.16002,0.20132
3228.27,0,0,5,5,100,100,-32.2827,1.58895,99.2479,-0.00144408,-0.00453988,0.0080664,0,0,3.465,0.0875,-0.665,-0.013908,0.540948,-0.85095,-0.2044,-0.16002,0.20132
3228.28,0,0,5,5,100,100,-32.2828,1.59043,99.2561,0.0015673,-0.00539553,0.00757328,0,0,3.5525,0.07,-0.665,-0.010858,0.540094,-0.851438,-0.2044,-0.16002,0.20132
3228.44,0,0,5,5,100,100,-32.2844,1.59306,99.2648,0.00273627,-0.00419767,0.00755698,0,0,3.605,0.105,-0.7875,-0.009638,0.541314,-0.851438,-0.2044,-0.16002,0.20132
3228.28,0,0,5,5,100,100,-32.2828,1.59415,99.2717,0.00150238,-0.00637206,0.00671081,0,0,3.395,0.035,-0.8225,-0.010858,0.539118,-0.852292,-0.2044,-0.16002,0.20132
3228.54,0,0,5,5,100,100,-32.2854,1.59349,99.2826,-0.000429974,-0.00237982,0.00570363,0,0,3.3775,-0.035,-0.7525,-0.01281,0.543144,-0.853268,-0.2044,-0.16422,0.20454
3228.56,0,0,5,5,100,100,-32.2856,1.59373,99.2923,0.000659295,-0.0056795,0.00779219,0,0,3.36,-0.07,-0.8225,-0.011712,0.53985,-0.851194,-0.2044,-0.16422,0.20454
3228.5,0,0,5,5,100,100,-32.285,1.59462,99.3017,0.00125118,-0.00542734,0.00669014,0,0,3.4475,-0.0175,-0.7525,-0.011102,0.540094,-0.852292,-0.2044,-0.16422,0.20454
3228.41,0,0,5,5,100,100,-32.2841,1.59407,99.3111,4.59965e-05,-0.00431518,0.00510035,0,0,3.6575,-0.1575,-0.77,-0.012322,0.541192,-0.853878,-0.2044,-0.16422,0.20454
3227.77,0,0,5,5,100,100,-32.2777,1.59209,99.3174,-0.00101291,-0.00763983,0.00368605,0,0,3.675,-0.14,-0.875,-0.01342,0.537776,-0.855342,-0.2044,-0.16422,0.20454
3227.64,0,0,5,5,100,100,-32.2764,1.59096,99.3261,-0.000871666,-0.00554544,0.00701783,0,0,3.7975,0.0525,-0.8225,-0.013298,0.53985,-0.852048,-0.2044,-0.16422,0.20454
3227.47,0,0,5,5,100,100,-32.2747,1.59055,99.3346,-0.000135561,-0.00332208,0.0029766,0,0,3.85,0.1225,-0.77,-0.012566,0.542046,-0.856074,-0.2044,-0.16422,0.20454
3227.21,0,0,5,5,100,100,-32.2721,1.5889,99.3423,-0.00132162,-0.00707024,0.0073046,0,0,3.5525,0.0525,-0.8225,-0.013786,0.538264,-0.851804,-0.2044,-0.16422,0.20454
3227.45,0,0,5,5,100,100,-32.2745,1.5874,99.3522,-0.00129549,-0.00380825,0.00814372,0,0,3.5175,-0.035,-0.84,-0.013786,0.541558,-0.85095,-0.2044,-0.16422,0.20454
3227.45,0,0,5,5,100,100,-32.2745,1.58896,99.3479,0.00195734,-0.00539611,0.00777384,0,0,3.675,0.0875,-1.015,-0.010492,0.539972,-0.851316,-0.20748,-0.16296,0.19516
3227.15,0,0,5,5,100,100,-32.2715,1.58918,99.3421,0.000738602,-0.00632743,0.00546655,0,0,3.64,0.14,-1.015,-0.011712,0.538996,-0.853634,-0.20748,-0.16296,0.19516
3227.32,0,0,5,5,100,100,-32.2732,1.58898,99.3383,-0.000351256,-0.00391138,0.00741712,0,0,3.5,0.315,-0.9275,-0.01281,0.541436,-0.851682,-0.20748,-0.16296,0.19516
3227.48,0,0,5,5,100,100,-32.2748,1.58693,99.3344,-0.00225915,-0.00393554,0.00715714,0,0,3.3775,0.2975,-0.875,-0.014762,0.541436,-0.851926,-0.20748,-0.16296,0.19516
3227.49,0,0,5,5,100,100,-32.2749,1.5856,99.3298,-0.00126415,-0.0046691,0.0061738,0,0,3.325,0.2275,-0.8925,-0.013786,0.540704,-0.852902,-0.20748,-0.16296,0.19516
3227.69,0,0,5,5,100,100,-32.2769,1.58292,99.3263,-0.00291823,-0.00640966,0.0119345,0,0,3.5,0.1925,-0.875,-0.015494,0.538996,-0.847168,-0.20748,-0.16296,0.19516
3228.09,0,0,5,5,100,100,-32.2809,1.58505,99.3242,0.00190413,-0.004391,0.0105445,0,0,3.5,0.21,-0.84,-0.010614,0.54107,-0.84851,-0.20748,-0.16296,0.19516
3228.53,0,0,5,5,100,100,-32.2853,1.58598,99.3221,0.00067293,-0.00360091,0.00988829,0,0,3.4475,0.2625,-0.91,-0.011834,0.541924,-0.84912,-0.20748,-0.16296,0.19516
3228.55,0,0,5,5,100,100,-32.2855,1.58568,99.3166,-0.000293603,-0.00580236,0.00877992,0,0,3.64,0.21,-0.91,-0.01281,0.539728,-0.850218,-0.20874,-0.16926,0.1967
3228.52,0,0,5,5,100,100,-32.2852,1.58791,99.3113,0.00246162,-0.00408849,0.00496983,0,0,3.5175,0.175,-0.8225,-0.010004,0.541436,-0.854,-0.20874,-0.16926,0.1967
3228.49,0,0,5,5,100,100,-32.2849,1.58635,99.306,-0.00115565,-0.00347365,0.00472749,0,0,3.71,-0.035,-0.8225,-0.013664,0.542046,-0.854244,-0.20874,-0.16926,0.1967
3227.97,0,0,5,5,100,100,-32.2797,1.58244,99.2982,-0.00351719,-0.00437426,0.000351842,0,0,3.71,0.1575,-0.7875,-0.016104,0.54107,-0.858636,-0.20874,-0.16926,0.1967
3228.07,0,0,5,5,100,100,-32.2807,1.58293,99.2932,0.000361742,-0.00475511,0.00796523,0,0,3.6225,0.315,-0.91,-0.0122,0.540704,-0.851072,-0.20874,-0.16926,0.1967
3227.85,0,0,5,5,100,100,-32.2785,1.58049,99.2866,-0.00214685,-0.00399115,0.00306839,0,0,3.57,0.1925,-0.9275,-0.014762,0.541436,-0.855952,-0.20874,-0.16926,0.1967
3227.37,0,0,5,5,100,100,-32.2737,1.58147,99.2792,0.00160208,-0.00770597,0.00544876,0,0,3.6225,0.105,-0.945,-0.01098,0.537654,-0.853634,-0.20874,-0.16926,0.1967
3227.49,0,0,5,5,100,100,-32.2749,1.57917,99.2742,-0.00224539,-0.004549,0.00802041,0,0,3.5525,0.175,-0.98,-0.014884,0.540826,-0.851072,-0.20874,-0.16926,0.1967
3227.71,0,0,5,5,100,100,-32.2771,1.57965,99.2786,0.000540463,-0.00409281,0.00787678,0,0,3.395,0.105,-0.8225,-0.012078,0.541314,-0.851194,-0.20398,-0.16408,0.19754
3227.77,0,0,5,5,100,100,-32.2777,1.58128,99.2824,0.00160546,-0.00605594,0.00922254,0,0,3.5175,0.21,-0.84,-0.01098,0.539362,-0.849852,-0.20398,-0.16408,0.19754
3227.78,0,0,5,5,100,100,-32.2778,1.5825,99.2858,0.00134113,-0.0039801,0.00516435,0,0,3.4825,0.1925,-0.7875,-0.011224,0.541436,-0.853878,-0.20398,-0.16408,0.19754
3227.93,0,0,5,5,100,100,-32.2793,1.58361,99.2899,0.00132179,-0.00571234,0.00957567,0,0,3.4125,0.035,-0.875,-0.011224,0.539728,-0.849486,-0.20398,-0.16408,0.19754
3227.98,0,0,5,5,100,100,-32.2798,1.58246,99.2931,-0.00108784,-0.00486535,0.00760416,0,0,3.57,0.245,-1.015,-0.013664,0.540582,-0.851438,-0.20398,-0.16408,0.19754
3228.72,0,0,5,5,100,100,-32.2872,1.58567,99.2997,0.00274364,-0.00558316,0.0163869,0,0,3.5,0.245,-0.9975,-0.00976,0.539972,-0.842654,-0.20398,-0.16408,0.19754
3228.63,0,0,5,5,100,100,-32.2863,1.58667,99.3024,0.000904021,-0.0050819,0.00569788,0,0,3.4125,0.3675,-0.8225,-0.01159,0.54046,-0.853268,-0.20398,-0.16408,0.19754
3228.63,0,0,5,5,100,100,-32.2863,1.58875,99.3058,0.00208259,-0.00569218,0.00766409,0,0,3.4475,0.21,-0.7525,-0.01037,0.53985,-0.851316,-0.20398,-0.16408,0.19754
3228.52,0,0,5,5,100,100,-32.2852,1.59009,99.3089,0.0019377,-0.00482088,0.00484587,0,0,3.395,-0.07,-0.7875,-0.010492,0.540704,-0.854122,-0.20398,-0.16408,0.19754
3228.44,0,0,5,5,100,100,-32.2844,1.59187,99.3078,0.00239256,-0.00322025,0.00251704,0,0,3.3775,0.035,-0.875,-0.010004,0.54229,-0.85644,-0.20874,-0.16366,0.20034
3228.39,0,0,5,5,100,100,-32.2839,1.59393,99.3068,0.00235661,-0.00321208,0.00252101,0,0,3.2025,0.1925,-0.7875,-0.010004,0.54229,-0.85644,-0.20874,-0.16366,0.20034
3228.09,0,0,5,5,100,100,-32.2809,1.59252,99.3046,-0.00114186,-0.00524455,0.00316416,0,0,3.2375,0.1225,-0.6825,-0.013542,0.540216,-0.85583,-0.20874,-0.16366,0.20034
3227.76,0,0,5,5,100,100,-32.2776,1.5913,99.3023,-0.00112054,-0.00519652,0.0031952,0,0,3.4475,0.245,-0.7,-0.013542,0.540216,-0.85583,-0.20874,-0.16366,0.20034
3228.15,0,0,5,5,100,100,-32.2815,1.59257,99.3035,0.0010439,-0.0019565,0.00684667,0,0,3.5175,0.245,-0.77,-0.011346,0.54351,-0.85217,-0.20874,-0.16366,0.20034
3228.52,0,0,5,5,100,100,-32.2852,1.5937,99.3046,0.00102419,-0.00200971,0.0068124,0,0,3.6225,0.2275,-0.875,-0.011346,0.54351,-0.85217,-0.20874,-0.16366,0.20034
3228.93,0,0,5,5,100,100,-32.2893,1.59725,99.3059,0.00351356,-0.00414572,0.0102151,0,0,3.5,0.21,-0.98,-0.008784,0.541436,-0.848754,-0.20874,-0.16366,0.20034
3229.33,0,0,5,5,100,100,-32.2933,1.60072,99.3072,0.00345302,-0.00420347,0.0101766,0,0,3.5175,0.1925,-0.9625,-0.008784,0.541436,-0.848754,-0.20874,-0.16366,0.20034
3229.44,0,0,5,5,100,100,-32.2944,1.60087,99.3082,0.000170205,-0.00397562,0.00660064,0,0,3.4825,0.21,-0.8575,-0.012078,0.54168,-0.852292,-0.20902,-0.16618,0.20244
3229.54,0,0,5,5,100,100,-32.2954,1.59774,99.3089,-0.00317668,-0.00374792,0.00671494,0,0,3.5525,0.175,-0.875,-0.015494,0.541924,-0.85217,-0.20902,-0.16618,0.20244
3229.52,0,0,5,5,100,100,-32.2952,1.59631,99.3093,-0.00120802,-0.00496578,0.00671791,0,0,3.5175,0.07,-0.84,-0.013542,0.540704,-0.85217,-0.20902,-0.16618,0.20244
3229.44,0,0,5,5,100,100,-32.2944,1.59495,99.3094,-0.00118432,-0.00458888,0.00537291,0,0,3.4475,0.105,-0.77,-0.013542,0.54107,-0.853512,-0.20902,-0.16618,0.20244
3229.81,0,0,5,5,100,100,-32.2981,1.59705,99.3115,0.00193769,-0.00439802,0.0101329,0,0,3.465,0.2625,-0.945,-0.01037,0.541314,-0.848754,-0.20902,-0.16618,0.20244
3229.7,0,0,5,5,100,100,-32.297,1.5985,99.3114,0.00142654,-0.00609121,0.00719183,0,0,3.535,0.3325,-0.875,-0.010858,0.539606,-0.851682,-0.20902,-0.16618,0.20244
3229.92,0,0,5,5,100,100,-32.2992,1.59706,99.3125,-0.00182844,-0.00453662,0.00889304,0,0,3.4125,0.3675,-0.875,-0.014152,0.541192,-0.849974,-0.20902,-0.16618,0.20244
3229.91,0,0,5,5,100,100,-32.2991,1.59716,99.3127,0.000113421,-0.00441313,0.00557423,0,0,3.3775,0.2975,-0.875,-0.0122,0.541314,-0.853268,-0.20902,-0.16618,0.20244
3230.05,0,0,5,5,100,100,-32.3005,1.59804,99.3216,0.00106994,-0.00540968,0.00875803,0,0,3.36,0.0525,-0.84,-0.011224,0.540338,-0.850096,-0.20818,-0.15876,0.20776
3229.72,0,0,5,5,100,100,-32.2972,1.59479,99.328,-0.00288235,-0.00585024,0.00436407,0,0,3.4475,0.07,-0.8225,-0.01525,0.53985,-0.854488,-0.20818,-0.15876,0.20776
3229.24,0,0,5,5,100,100,-32.2924,1.5942,99.3336,-0.000199242,-0.00736719,0.00477794,0,0,3.535,0.175,-0.8575,-0.012566,0.538264,-0.854122,-0.20818,-0.15876,0.20776
3228.93,0,0,5,5,100,100,-32.2893,1.59389,99.3401,0.000292056,-0.00732158,0.00677412,0,0,3.535,-0.0175,-0.91,-0.012078,0.538264,-0.85217,-0.20818,-0.15876,0.20776
3228.75,0,0,5,5,100,100,-32.2875,1.59364,99.3471,5.33445e-05,-0.00485302,0.00470058,0,0,3.605,0.1575,-0.875,-0.012322,0.540704,-0.854244,-0.20818,-0.15876,0.20776
3228.78,0,0,5,5,100,100,-32.2878,1.59597,99.3552,0.00268541,-0.00449005,0.00654131,0,0,3.6925,0.1225,-0.9625,-0.009638,0.54107,-0.852414,-0.20818,-0.15876,0.20776
3228.93,0,0,5,5,100,100,-32.2893,1.59839,99.3638,0.00288619,-0.00255759,0.00480501,0,0,3.605,0.07,-0.98,-0.009394,0.543022,-0.854122,-0.20818,-0.15876,0.20776
3229.16,0,0,5,5,100,100,-32.2916,1.59845,99.3723,0.000212404,-0.00430131,0.00822608,0,0,3.325,0.0875,-0.91,-0.012078,0.541314,-0.850706,-0.20818,-0.15876,0.20776
3229.14,0,0,5,5,100,100,-32.2914,1.59746,99.3719,-0.00110657,-0.00491025,0.00699824,0,0,3.6225,0.28,-0.84,-0.01342,0.540704,-0.851926,-0.20818,-0.16506,0.2009
3229.23,0,0,5,5,100,100,-32.2923,1.59499,99.3718,-0.00252127,-0.00528964,0.00871272,0,0,3.5175,0.175,-0.8925,-0.014884,0.540338,-0.850218,-0.20818,-0.16506,0.2009
3229.51,0,0,5,5,100,100,-32.2951,1.59194,99.3727,-0.00319706,-0.00411088,0.0091794,0,0,3.43,0.1225,-0.84,-0.015616,0.541558,-0.84973,-0.20818,-0.16506,0.2009
3229.3,0,0,5,5,100,100,-32.293,1.59039,99.3715,-0.00134776,-0.00579054,0.00587971,0,0,3.5525,0.1225,-0.7875,-0.013786,0.53985,-0.853024,-0.20818,-0.16506,0.2009
3229.54,0,0,5,5,100,100,-32.2954,1.59077,99.3724,0.000225044,-0.00350515,0.00733275,0,0,3.4475,0.245,-0.8225,-0.0122,0.542168,-0.85156,-0.20818,-0.16506,0.2009
3229.64,0,0,5,5,100,100,-32.2964,1.59336,99.3727,0.00285248,-0.00254155,0.00388022,0,0,3.5,0.2275,-0.9275,-0.009516,0.543144,-0.854976,-0.20818,-0.16506,0.2009
3229.77,0,0,5,5,100,100,-32.2977,1.59086,99.3728,-0.00257081,-0.00317228,0.00620497,0,0,3.6225,0.2275,-0.91,-0.015006,0.542534,-0.852658,-0.20818,-0.16506,0.2009
3229.66,0,0,5,5,100,100,-32.2966,1.59229,99.3722,0.00165633,-0.00620888,0.0079359,0,0,3.7975,0.2275,-1.015,-0.010736,0.539484,-0.85095,-0.20818,-0.16506,0.2009
3229.73,0,0,5,5,100,100,-32.2973,1.59475,99.3727,0.00258531,-0.00463044,0.00755983,0,0,3.815,0.1925,-0.8925,-0.00976,0.54107,-0.851316,-0.20818,-0.16506,0.2009
3229.79,0,0,5,5,100,100,-32.2979,1.59784,99.3756,0.00350321,-0.00268541,0.00423275,0,0,3.745,0.0525,-0.805,-0.008784,0.543022,-0.85461,-0.2051,-0.16114,0.19768
3230.05,0,0,5,5,100,100,-32.3005,1.59694,99.3789,-0.000854496,-0.00321275,0.00765128,0,0,3.605,0.035,-0.7875,-0.013176,0.542534,-0.851194,-0.2051,-0.16114,0.19768
3230.09,0,0,5,5,100,100,-32.3009,1.59859,99.3811,0.00191079,-0.0050494,0.00715553,0,0,3.4825,0.105,-0.8575,-0.01037,0.540704,-0.851682,-0.2051,-0.16114,0.19768
3230.05,0,0,5,5,100,100,-32.3005,1.5982,99.3826,-0.000147605,-0.00504327,0.00642194,0,0,3.4825,0.1575,-0.945,-0.012444,0.540704,-0.852414,-0.2051,-0.16114,0.19768
3229.71,0,0,5,5,100,100,-32.2971,1.60007,99.3827,0.00212793,-0.00597028,0.0039935,0,0,3.4825,0.3325,-0.8925,-0.010126,0.539728,-0.854854,-0.2051,-0.16114,0.19768
3229.12,0,0,5,5,100,100,-32.2912,1.59958,99.3813,-5.02689e-05,-0.00734846,0.00232771,0,0,3.08,0.2625,-0.84,-0.012322,0.538264,-0.856562,-0.2051,-0.16114,0.19768
3228.89,0,0,5,5,100,100,-32.2889,1.59607,99.3812,-0.00326909,-0.00646062,0.00591606,0,0,3.1325,0.175,-0.945,-0.015616,0.539118,-0.853024,-0.2051,-0.16114,0.19768
3229.08,0,0,5,5,100,100,-32.2908,1.59713,99.3833,0.0012074,-0.00404587,0.00700443,0,0,3.2375,0.2275,-1.015,-0.011102,0.541558,-0.851926,-0.2051,-0.16114,0.19768
3229.22,0,0,5,5,100,100,-32.2922,1.59712,99.3889,-0.000250239,-0.00235761,0.00428598,0,0,3.3775,0.385,-0.805,-0.012566,0.543266,-0.85461,-0.20384,-0.1596,0.19908
3229.28,0,0,5,5,100,100,-32.2928,1.5978,99.3942,0.000588273,-0.00456334,0.00673984,0,0,3.4825,0.28,-0.805,-0.011712,0.54107,-0.85217,-0.20384,-0.1596,0.19908
3229.06,0,0,5,5,100,100,-32.2906,1.59631,99.3978,-0.00096503,-0.00416567,0.00282612,0,0,3.4125,0.14,-1.0325,-0.013298,0.541436,-0.856074,-0.20384,-0.1596,0.19908
3229.01,0,0,5,5,100,100,-32.2901,1.5964,99.4025,0.00061271,-0.0050125,0.00664257,0,0,3.71,0.0525,-1.0675,-0.011712,0.540582,-0.852292,-0.20384,-0.1596,0.19908
3229.19,0,0,5,5,100,100,-32.2919,1.59446,99.4078,-0.00226907,-0.00540675,0.0104375,0,0,3.6575,0.3675,-1.015,-0.01464,0.540216,-0.84851,-0.20384,-0.1596,0.19908
3229.29,0,0,5,5,100,100,-32.2929,1.59346,99.413,-0.00115825,-0.00481067,0.00796988,0,0,3.5175,0.28,-0.875,-0.013542,0.540826,-0.85095,-0.20384,-0.1596,0.19908
3228.97,0,0,5,5,100,100,-32.2897,1.59534,99.4164,0.0019676,-0.00610662,0.00431033,0,0,3.43,0.3325,-0.735,-0.01037,0.539484,-0.85461,-0.20384,-0.1596,0.19908
3229.12,0,0,5,5,100,100,-32.2912,1.59523,99.4221,-0.000217285,-0.00454106,0.00786194,0,0,3.4125,0.14,-0.6825,-0.012566,0.54107,-0.851072,-0.20384,-0.1596,0.19908
3228.99,0,0,5,5,100,100,-32.2899,1.5931,99.4228,-0.00175946,-0.00366817,0.00344839,0,0,3.5,0.0525,-0.84,-0.014152,0.541924,-0.855464,-0.20496,-0.16198,0.19768
3229.37,0,0,5,5,100,100,-32.2937,1.59442,99.426,0.00113314,-0.00347895,0.00931438,0,0,3.64,0.2275,-0.875,-0.011224,0.542168,-0.849608,-0.20496,-0.16198,0.19768
3230.04,0,0,5,5,100,100,-32.3004,1.59607,99.431,0.00134738,-0.00321144,0.0124476,0,0,3.605,0.07,-0.77,-0.01098,0.542534,-0.846436,-0.20496,-0.16198,0.19768
3230.01,0,0,5,5,100,100,-32.3001,1.59632,99.4323,0.000492613,-0.00564971,0.00728632,0,0,3.395,0.07,-0.805,-0.011834,0.540094,-0.85156,-0.20496,-0.16198,0.19768
3230.81,0,0,5,5,100,100,-32.3081,1.5998,99.4376,0.00310457,-0.00234685,0.0121285,0,0,3.4825,0.2275,-0.91,-0.00915,0.54351,-0.84668,-0.20496,-0.16198,0.19768
3230.66,0,0,5,5,100,100,-32.3066,1.60099,99.438,0.00126156,-0.00598748,0.00599501,0,0,3.325,0.315,-0.8575,-0.01098,0.53985,-0.85278,-0.20496,-0.16198,0.19768
3231.11,0,0,5,5,100,100,-32.3111,1.60295,99.4413,0.00134883,-0.00471044,0.0117305,0,0,3.4475,0.4725,-0.91,-0.010858,0.541192,-0.847046,-0.20496,-0.16198,0.19768
3231.12,0,0,5,5,100,100,-32.3112,1.60268,99.4425,-0.000347317,-0.00507856,0.00656572,0,0,3.22,0.28,-0.805,-0.012566,0.540826,-0.85217,-0.20496,-0.16198,0.19768
3230.47,0,0,5,5,100,100,-32.3047,1.60139,99.4404,-0.000932216,-0.00571543,-0.000258013,0,0,3.3775,0.35,-0.84,-0.013176,0.540094,-0.859002,-0.20496,-0.16198,0.19768
3230.49,0,0,5,5,100,100,-32.3049,1.6009,99.4425,-0.000194743,-0.00559718,0.00810032,0,0,3.465,0.0525,-0.9275,-0.012444,0.540216,-0.850706,-0.20286,-0.16576,0.19614
3230.55,0,0,5,5,100,100,-32.3055,1.60031,99.4445,-0.000305852,-0.0051164,0.00735808,0,0,3.325,0.07,-0.9275,-0.012566,0.540704,-0.851438,-0.20286,-0.16576,0.19614
3230.55,0,0,5,5,100,100,-32.3055,1.60026,99.4462,0.000302331,-0.00487208,0.00637456,0,0,3.3775,0.14,-1.015,-0.011956,0.540948,-0.852414,-0.20286,-0.16576,0.19614
3230.69,0,0,5,5,100,100,-32.3069,1.59935,99.4487,-0.000775051,-0.00367286,0.00648409,0,0,3.395,0.105,-0.875,-0.013054,0.542168,-0.852292,-0.20286,-0.16576,0.19614
3230.84,0,0,5,5,100,100,-32.3084,1.59955,99.4512,7.1776e-05,-0.00210633,0.0041346,0,0,3.5175,0.35,-0.8575,-0.0122,0.543754,-0.85461,-0.20286,-0.16576,0.19614
3230.42,0,0,5,5,100,100,-32.3042,1.59975,99.4512,0.000432813,-0.00497618,0.00196011,0,0,3.6225,0.3325,-0.84,-0.011834,0.540826,-0.856806,-0.20286,-0.16576,0.19614
3230.47,0,0,5,5,100,100,-32.3047,1.60124,99.4531,0.0015002,-0.00486015,0.00699628,0,0,3.4825,0.3325,-0.9625,-0.010736,0.540948,-0.851804,-0.20286,-0.16576,0.19614
3230.45,0,0,5,5,100,100,-32.3045,1.60219,99.4545,0.000754588,-0.00558988,0.00761239,0,0,3.5525,0.4725,-0.98,-0.011468,0.540216,-0.851194,-0.20286,-0.16576,0.19614
3230.37,0,0,5,5,100,100,-32.3037,1.6011,99.4543,-0.00129159,-0.00557884,0.00712821,0,0,3.5525,0.3325,-0.805,-0.013542,0.540216,-0.851682,-0.20314,-0.16184,0.19404
3230.02,0,0,5,5,100,100,-32.3002,1.60115,99.4529,0.000286918,-0.0068705,0.00556256,0,0,3.535,0.2625,-0.8925,-0.011956,0.538874,-0.853268,-0.20314,-0.16184,0.19404
3230.01,0,0,5,5,100,100,-32.3001,1.59994,99.453,-0.000785403,-0.00564851,0.00839153,0,0,3.71,0.0525,-1.1025,-0.013054,0.540094,-0.850462,-0.20314,-0.16184,0.19404
3229.45,0,0,5,5,100,100,-32.2945,1.59536,99.4502,-0.00398552,-0.00715381,0.00414302,0,0,3.675,0.07,-1.015,-0.016348,0.538508,-0.854732,-0.20314,-0.16184,0.19404
3229.74,0,0,5,5,100,100,-32.2974,1.59543,99.4519,0.00026508,-0.00426539,0.00927987,0,0,3.5,0,-0.8925,-0.012078,0.541436,-0.849608,-0.20314,-0.16184,0.19404
3229.54,0,0,5,5,100,100,-32.2954,1.59387,99.4511,-0.000922551,-0.00374888,0.00216746,0,0,3.29,0,-0.91,-0.013298,0.541924,-0.856684,-0.20314,-0.16184,0.19404
3229.2,0,0,5,5,100,100,-32.292,1.59384,99.449,-7.14855e-05,-0.00675099,0.00478167,0,0,3.2375,0.5075,-0.945,-0.012444,0.538874,-0.854122,-0.20314,-0.16184,0.19404
3229.41,0,0,5,5,100,100,-32.2941,1.59248,99.4498,-0.00162716,-0.00250869,0.00549983,0,0,3.36,0.35,-0.8575,-0.01403,0.543144,-0.85339,-0.20314,-0.16184,0.19404
3229.6,0,0,5,5,100,100,-32.296,1.59094,99.4499,-0.00160028,-0.00253672,0.00548299,0,0,3.4825,0.175,-0.805,-0.01403,0.543144,-0.85339,-0.20622,-0.1575,0.1967
3229.75,0,0,5,5,100,100,-32.2975,1.59442,99.4504,0.00356284,-0.00414565,0.00694292,0,0,3.465,0.1925,-0.77,-0.008784,0.541558,-0.851926,-0.20622,-0.1575,0.1967
3229.89,0,0,5,5,100,100,-32.2989,1.59782,99.4508,0.00350366,-0.00416541,0.00692848,0,0,3.5,0.1925,-0.805,-0.008784,0.541558,-0.851926,-0.20622,-0.1575,0.1967
3229.75,0,0,5,5,100,100,-32.2975,1.59643,99.4496,-0.00133163,-0.00304568,0.00227025,0,0,3.535,0.2275,-0.7175,-0.013664,0.542656,-0.856562,-0.20622,-0.1575,0.1967
3229.31,0,0,5,5,100,100,-32.2931,1.59685,99.4468,0.000726404,-0.0088428,0.00710606,0,0,3.36,0.21,-0.8575,-0.01159,0.5368,-0.851804,-0.20622,-0.1575,0.1967
3229.66,0,0,5,5,100,100,-32.2966,1.59881,99.4479,0.00202857,-0.004375,0.00953174,0,0,3.29,0.105,-0.875,-0.010248,0.541314,-0.849364,-0.20622,-0.1575,0.1967
3229.97,0,0,5,5,100,100,-32.2997,1.60101,99.4488,0.00199008,-0.00442084,0.00950149,0,0,3.43,0.28,-0.84,-0.010248,0.541314,-0.849364,-0.20622,-0.1575,0.1967
3229.9,0,0,5,5,100,100,-32.299,1.60197,99.448,0.00112299,-0.00538641,0.00643446,0,0,3.5,0.1925,-0.84,-0.011102,0.540338,-0.852414,-0.20622,-0.1575,0.1967
3229.85,0,0,5,5,100,100,-32.2985,1.60187,99.4547,0.000152773,-0.00428093,0.00496314,0,0,3.395,0.1575,-0.875,-0.012078,0.541436,-0.853878,-0.20146,-0.1582,0.19782
3229.58,0,0,5,5,100,100,-32.2958,1.60303,99.4603,0.00146892,-0.00680521,0.00621748,0,0,3.5175,0.2625,-0.98,-0.010736,0.538874,-0.852658,-0.20146,-0.1582,0.19782
3229.55,0,0,5,5,100,100,-32.2955,1.60342,99.467,0.000490196,-0.00509089,0.00683487,0,0,3.605,0.245,-0.9275,-0.011712,0.540582,-0.852048,-0.20146,-0.1582,0.19782
3229.84,0,0,5,5,100,100,-32.2984,1.60185,99.4751,-0.00166917,-0.00256977,0.0071771,0,0,3.6225,0.175,-0.8925,-0.013908,0.543144,-0.851682,-0.20146,-0.1582,0.19782
3229.76,0,0,5,5,100,100,-32.2976,1.60221,99.4816,0.000511303,-0.00451178,0.00509437,0,0,3.5175,0.1925,-0.805,-0.011712,0.541192,-0.853756,-0.20146,-0.1582,0.19782
3229.91,0,0,5,5,100,100,-32.2991,1.60215,99.4887,-0.000216564,-0.00563287,0.00975257,0,0,3.5,0.28,-0.9275,-0.012444,0.540094,-0.84912,-0.20146,-0.1582,0.19782
3230.12,0,0,5,5,100,100,-32.3012,1.6021,99.4961,-0.000215691,-0.00566382,0.00973303,0,0,3.1325,0.21,-0.805,-0.012444,0.540094,-0.84912,-0.20146,-0.1582,0.19782
3229.76,0,0,5,5,100,100,-32.2976,1.60191,99.5007,3.07021e-05,-0.00780902,0.00632415,0,0,3.2725,0.245,-0.8575,-0.0122,0.537898,-0.852536,-0.20146,-0.1582,0.19782
3229.91,0,0,5,5,100,100,-32.2991,1.60107,99.508,-0.000562158,-0.00343471,0.00643351,0,0,3.535,0.035,-0.91,-0.01281,0.54229,-0.852414,-0.20146,-0.1582,0.19782
3229.68,0,0,5,5,100,100,-32.2968,1.59888,99.5069,-0.00173873,-0.00596614,0.00571809,0,0,3.4825,0.035,-0.9275,-0.01403,0.539728,-0.853146,-0.20706,-0.1589,0.19964
3229.66,0,0,5,5,100,100,-32.2966,1.59623,99.5065,-0.00230005,-0.00510915,0.00621273,0,0,3.115,0.035,-0.9275,-0.01464,0.540582,-0.852658,-0.20706,-0.1589,0.19964
3229.49,0,0,5,5,100,100,-32.2949,1.59492,99.5055,-0.00106232,-0.00691557,0.00733613,0,0,3.2725,0.1575,-0.9275,-0.01342,0.538752,-0.85156,-0.20706,-0.1589,0.19964
3229.58,0,0,5,5,100,100,-32.2958,1.59379,99.5057,-0.00116401,-0.00522015,0.0083113,0,0,3.395,0.245,-0.9625,-0.013542,0.54046,-0.850584,-0.20706,-0.1589,0.19964
3229.45,0,0,5,5,100,100,-32.2945,1.59287,99.5053,-0.000419004,-0.00520045,0.00537351,0,0,3.4125,0,-0.8925,-0.01281,0.54046,-0.853512,-0.20706,-0.1589,0.19964
3229.74,0,0,5,5,100,100,-32.2974,1.59305,99.5068,0.000549587,-0.00267884,0.00657568,0,0,3.395,0,-0.9625,-0.011834,0.543022,-0.852292,-0.20706,-0.1589,0.19964
3229.96,0,0,5,5,100,100,-32.2996,1.59356,99.508,0.000783762,-0.00429886,0.00839915,0,0,3.4825,0.0525,-0.98,-0.01159,0.541436,-0.850462,-0.20706,-0.1589,0.19964
3230.12,0,0,5,5,100,100,-32.3012,1.5947,99.5091,0.00149269,-0.00578838,0.00973576,0,0,3.3775,0,-0.945,-0.010858,0.539972,-0.84912,-0.20706,-0.1589,0.19964
3230.08,0,0,5,5,100,100,-32.3008,1.5931,99.5105,-0.00151655,-0.0050495,0.00678978,0,0,3.5875,0.1925,-0.91,-0.013908,0.540704,-0.852048,-0.20706,-0.1631,0.2023
3229.95,0,0,5,5,100,100,-32.2995,1.59247,99.5117,-0.000776589,-0.00637457,0.00790826,0,0,3.64,0.315,-0.8225,-0.013176,0.539362,-0.85095,-0.20706,-0.1631,0.2023
3230.23,0,0,5,5,100,100,-32.3023,1.59315,99.515,0.000547853,-0.00372885,0.0086196,0,0,3.64,0.1925,-0.8225,-0.011834,0.542046,-0.850218,-0.20706,-0.1631,0.2023
3229.82,0,0,5,5,100,100,-32.2982,1.59189,99.5149,-0.000644982,-0.00598801,0.00300341,0,0,3.36,0,-0.7875,-0.013054,0.539728,-0.85583,-0.20706,-0.1631,0.2023
3229.65,0,0,5,5,100,100,-32.2965,1.59183,99.516,0.000449468,-0.00645142,0.00658482,0,0,3.3075,-0.0525,-0.7875,-0.011956,0.53924,-0.852292,-0.20706,-0.1631,0.2023
3229.49,0,0,5,5,100,100,-32.2949,1.59196,99.517,0.000568601,-0.00545107,0.00549295,0,0,3.465,0.07,-0.875,-0.011834,0.540216,-0.85339,-0.20706,-0.1631,0.2023
3229.52,0,0,5,5,100,100,-32.2952,1.59016,99.5185,-0.00207263,-0.00350217,0.00499895,0,0,3.43,0.3675,-0.805,-0.014518,0.542168,-0.853878,-0.20706,-0.1631,0.2023
3229.56,0,0,5,5,100,100,-32.2956,1.59297,99.5205,0.0031022,-0.00350753,0.00425626,0,0,3.3075,0.175,-0.805,-0.009272,0.542168,-0.85461,-0.20706,-0.1631,0.2023
3229.17,0,0,5,5,100,100,-32.2917,1.59553,99.5085,0.00293616,-0.0057698,0.00293911,0,0,3.4825,0.245,-0.7525,-0.009394,0.53985,-0.855952,-0.2086,-0.16394,0.19194
3229.03,0,0,5,5,100,100,-32.2903,1.59573,99.4971,0.000259868,-0.00477137,0.00442791,0,0,3.3775,0.3675,-0.91,-0.012078,0.540826,-0.854488,-0.2086,-0.16394,0.19194
3229.07,0,0,5,5,100,100,-32.2907,1.59584,99.4868,0.000136549,-0.00319077,0.00442339,0,0,3.4125,0.2975,-0.8925,-0.0122,0.542412,-0.854488,-0.2086,-0.16394,0.19194
3228.62,0,0,5,5,100,100,-32.2862,1.59403,99.4742,-0.00141127,-0.0077649,0.00545015,0,0,3.36,0.1575,-0.8925,-0.013786,0.537776,-0.853512,-0.2086,-0.16394,0.19194
3228.82,0,0,5,5,100,100,-32.2882,1.59615,99.4653,0.00231785,-0.00486253,0.00875043,0,0,3.43,0.07,-0.84,-0.010004,0.540704,-0.850218,-0.2086,-0.16394,0.19194
3228.43,0,0,5,5,100,100,-32.2843,1.59432,99.4534,-0.00129485,-0.00541659,0.0028857,0,0,3.5,0.0525,-0.84,-0.013664,0.540094,-0.856074,-0.2086,-0.16394,0.19194
3228.31,0,0,5,5,100,100,-32.2831,1.59497,99.4431,0.00124507,-0.00442178,0.00461785,0,0,3.605,0.035,-0.9625,-0.011102,0.54107,-0.854366,-0.2086,-0.16394,0.19194
3227.77,0,0,5,5,100,100,-32.2777,1.59556,99.4309,0.00135632,-0.00495251,-0.000249953,0,0,3.4125,0.0875,-0.805,-0.01098,0.54046,-0.859246,-0.2086,-0.16394,0.19194
3227.77,0,0,5,5,100,100,-32.2777,1.59375,99.4209,-0.00164934,-0.00446512,0.0056519,0,0,3.22,0.0875,-0.7875,-0.01403,0.540948,-0.85339,-0.2086,-0.16394,0.19194
3227.87,0,0,5,5,100,100,-32.2787,1.59382,99.4263,5.02933e-05,-0.005578,0.0089628,0,0,3.5,0.175,-0.84,-0.012322,0.53985,-0.850096,-0.20468,-0.16142,0.20118
3227.76,0,0,5,5,100,100,-32.2776,1.59584,99.4309,0.00208026,-0.00397396,0.00356225,0,0,3.4475,0.315,-0.735,-0.010248,0.541436,-0.855464,-0.20468,-0.16142,0.20118
3227.34,0,0,5,5,100,100,-32.2734,1.59485,99.4335,-0.00106114,-0.00525581,0.0023722,0,0,3.5875,0.455,-0.7875,-0.01342,0.540094,-0.856684,-0.20468,-0.16142,0.20118
3227.28,0,0,5,5,100,100,-32.2728,1.5945,99.4381,-0.000326046,-0.00414754,0.00520599,0,0,3.675,0.245,-0.8225,-0.012688,0.541192,-0.853878,-0.20468,-0.16142,0.20118
3227.38,0,0,5,5,100,100,-32.2738,1.59247,99.4432,-0.00211297,-0.00257459,0.00507492,0,0,3.745,0.2625,-0.91,-0.014518,0.542778,-0.854,-0.20468,-0.16142,0.20118
3227.62,0,0,5,5,100,100,-32.2762,1.59327,99.449,0.000667289,-0.00468651,0.00935507,0,0,3.5,0.245,-0.8925,-0.011712,0.540704,-0.84973,-0.20468,-0.16142,0.20118
3227.41,0,0,5,5,100,100,-32.2741,1.59249,99.4528,-0.000412488,-0.0027019,0.00113729,0,0,3.6925,0.1575,-0.84,-0.01281,0.542656,-0.857904,-0.20468,-0.16142,0.20118
3227.3,0,0,5,5,100,100,-32.273,1.59385,99.4571,0.00138607,-0.00415088,0.00409772,0,0,3.535,0.2975,-0.735,-0.01098,0.541192,-0.854976,-0.20468,-0.16142,0.20118
3227.16,0,0,5,5,100,100,-32.2716,1.59625,99.4622,0.00255907,-0.00290844,0.00165074,0,0,3.5525,0.3675,-0.8225,-0.00976,0.542412,-0.857416,-0.20496,-0.16282,0.20314
3227.42,0,0,5,5,100,100,-32.2742,1.59671,99.4692,0.00036439,-0.00355785,0.00826521,0,0,3.675,0.1925,-0.8575,-0.011956,0.541802,-0.850828,-0.20496,-0.16282,0.20314
3226.69,0,0,5,5,100,100,-32.2669,1.59891,99.4714,0.00312004,-0.00552446,-0.00187161,0,0,3.535,0.2275,-0.9275,-0.00915,0.539728,-0.860954,-0.20496,-0.16282,0.20314
3226.9,0,0,5,5,100,100,-32.269,1.59889,99.478,0.000447795,-0.00348052,0.00745214,0,0,3.6225,-0.0525,-1.015,-0.011834,0.541802,-0.851682,-0.20496,-0.16282,0.20314
3227.11,0,0,5,5,100,100,-32.2711,1.59862,99.4843,-0.000154986,-0.00558703,0.0106298,0,0,3.605,0.1225,-1.0325,-0.012444,0.539728,-0.84851,-0.20496,-0.16282,0.20314
3226.87,0,0,5,5,100,100,-32.2687,1.59864,99.4886,0.000209135,-0.00518518,0.0046277,0,0,3.71,0.28,-0.91,-0.012078,0.540094,-0.854488,-0.20496,-0.16282,0.20314
3226.92,0,0,5,5,100,100,-32.2692,1.59928,99.4941,0.000684018,-0.00482568,0.00732786,0,0,3.5875,0.2625,-0.945,-0.01159,0.54046,-0.851804,-0.20496,-0.16282,0.20314
3227.02,0,0,5,5,100,100,-32.2702,1.60098,99.5,0.00162614,-0.00508401,0.00817863,0,0,3.5525,0.28,-0.84,-0.010614,0.540216,-0.85095,-0.20496,-0.16282,0.20314
3227.34,0,0,5,5,100,100,-32.2734,1.60274,99.4977,0.00171694,-0.00390945,0.00888581,0,0,3.465,0.2275,-0.9275,-0.010492,0.541436,-0.850218,-0.20846,-0.16506,0.19908
3227.29,0,0,5,5,100,100,-32.2729,1.60517,99.4938,0.00288939,-0.00463489,0.00520057,0,0,3.395,0.14,-0.9275,-0.009272,0.540704,-0.853878,-0.20846,-0.16506,0.19908
3227.28,0,0,5,5,100,100,-32.2728,1.60516,99.4898,9.54561e-05,-0.00670991,0.0090127,0,0,3.29,0.1925,-0.9275,-0.012078,0.53863,-0.850096,-0.20846,-0.16506,0.19908
3227.16,0,0,5,5,100,100,-32.2716,1.60263,99.4848,-0.00277609,-0.00559293,0.00632056,0,0,3.395,0.455,-0.9625,-0.015006,0.539728,-0.85278,-0.20846,-0.16506,0.19908
3227.43,0,0,5,5,100,100,-32.2743,1.60287,99.482,-0.000107575,-0.00575544,0.0113358,0,0,3.43,0.385,-0.9975,-0.012322,0.539606,-0.847778,-0.20846,-0.16506,0.19908
3227.47,0,0,5,5,100,100,-32.2747,1.60194,99.4784,-0.000698761,-0.00527342,0.00788969,0,0,3.4825,0.1225,-0.9975,-0.012932,0.540094,-0.851194,-0.20846,-0.16506,0.19908
3227.93,0,0,5,5,100,100,-32.2793,1.60283,99.4772,0.000865062,-0.00570658,0.0137485,0,0,3.5875,0.035,-0.945,-0.011346,0.539728,-0.845338,-0.20846,-0.16506,0.19908
3227.56,0,0,5,5,100,100,-32.2756,1.60303,99.4721,0.000497028,-0.00662967,0.00517607,0,0,3.64,0.245,-0.8925,-0.011712,0.538752,-0.853878,-0.20846,-0.16506,0.19908
3227.81,0,0,5,5,100,100,-32.2781,1.60001,99.461,-0.0029734,-0.00129375,0.00466224,0,0,3.5875,0.0875,-0.8925,-0.01525,0.54412,-0.854366,-0.21098,-0.1666,0.1939
3228.05,0,0,5,5,100,100,-32.2805,1.59991,99.4501,-5.60406e-05,-0.00413806,0.00832839,0,0,3.4125,0.1225,-0.875,-0.012322,0.541314,-0.850706,-0.21098,-0.1666,0.1939
3228.22,0,0,5,5,100,100,-32.2822,1.59799,99.439,-0.00196627,-0.00440741,0.00831364,0,0,3.535,0.1225,-0.8575,-0.014274,0.54107,-0.850706,-0.21098,-0.1666,0.1939
3228.47,0,0,5,5,100,100,-32.2847,1.59738,99.4284,-0.000376352,-0.00407811,0.00890531,0,0,3.64,0.0525,-1.0325,-0.012688,0.541436,-0.850096,-0.21098,-0.1666,0.1939
3228.44,0,0,5,5,100,100,-32.2844,1.59655,99.4165,-0.000604803,-0.00700432,0.00989243,0,0,3.5875,0.14,-1.05,-0.012932,0.538508,-0.84912,-0.21098,-0.1666,0.1939
3228.17,0,0,5,5,100,100,-32.2817,1.59688,99.4039,0.000604403,-0.00586667,0.00524453,0,0,3.6225,0.21,-0.875,-0.011712,0.539606,-0.853756,-0.21098,-0.1666,0.1939
3228.03,0,0,5,5,100,100,-32.2803,1.59801,99.3919,0.00143496,-0.00364663,0.0029216,0,0,3.5525,0.245,-0.875,-0.010858,0.541802,-0.856074,-0.21098,-0.1666,0.1939
3227.87,0,0,5,5,100,100,-32.2787,1.59893,99.38,0.001419,-0.00362363,0.0029356,0,0,3.6225,0.1575,-0.9625,-0.010858,0.541802,-0.856074,-0.21098,-0.1666,0.1939
3228.1,0,0,5,5,100,100,-32.281,1.60131,99.3698,0.00259223,-0.00267865,0.00549591,0,0,3.395,0.21,-0.9275,-0.009638,0.542778,-0.853512,-0.21098,-0.1666,0.1939
3228.3,0,0,5,5,100,100,-32.283,1.60369,99.3634,0.00255072,-0.0027076,0.00547625,0,0,3.4825,0.245,-0.945,-0.009638,0.542778,-0.853512,-0.20706,-0.15988,0.19068
3228.4,0,0,5,5,100,100,-32.284,1.60075,99.3561,-0.00286488,-0.00492205,0.00804964,0,0,3.36,0.105,-0.945,-0.015128,0.540582,-0.85095,-0.20706,-0.15988,0.19068
3228.49,0,0,5,5,100,100,-32.2849,1.59801,99.3489,-0.00281691,-0.00493649,0.00804211,0,0,3.4125,0.1925,-0.9275,-0.015128,0.540582,-0.85095,-0.20706,-0.15988,0.19068
3228.8,0,0,5,5,100,100,-32.288,1.59878,99.343,0.000571251,-0.00412705,0.00887358,0,0,3.3075,0.28,-0.875,-0.011712,0.541436,-0.850096,-0.20706,-0.15988,0.19068
3229.1,0,0,5,5,100,100,-32.291,1.59971,99.3372,0.000554956,-0.00416988,0.00884598,0,0,3.36,0.35,-0.7875,-0.011712,0.541436,-0.850096,-0.20706,-0.15988,0.19068
3229.09,0,0,5,5,100,100,-32.2909,1.59995,99.33,0.000186366,-0.00416945,0.00552651,0,0,3.5,0.3325,-0.875,-0.012078,0.541436,-0.85339,-0.20706,-0.15988,0.19068
3229.1,0,0,5,5,100,100,-32.291,1.60241,99.3233,0.00269464,-0.005147,0.00663128,0,0,3.36,0.175,-0.8225,-0.009516,0.54046,-0.852292,-0.20706,-0.15988,0.19068
3229.58,0,0,5,5,100,100,-32.2958,1.60556,99.319,0.00312555,-0.0035065,0.00978234,0,0,3.3425,0.14,-0.8225,-0.009028,0.542168,-0.84912,-0.20706,-0.15988,0.19068
3229.54,0,0,5,5,100,100,-32.2954,1.606,99.3125,0.000688272,-0.00435595,0.00511348,0,0,3.395,0.1575,-0.8575,-0.011468,0.541314,-0.853756,-0.20888,-0.16226,0.19432
3229.6,0,0,5,5,100,100,-32.296,1.60668,99.3065,0.00055479,-0.00692934,0.0102714,0,0,3.3425,0.2625,-0.84,-0.01159,0.538752,-0.848632,-0.20888,-0.16226,0.19432
3229.6,0,0,5,5,100,100,-32.296,1.60604,99.3002,-0.000648886,-0.00497544,0.00695208,0,0,3.5175,0.2625,-0.91,-0.01281,0.540704,-0.851926,-0.20888,-0.16226,0.19432
3229.6,0,0,5,5,100,100,-32.296,1.60571,99.294,-0.000157239,-0.00314398,0.00412418,0,0,3.5525,0.2275,-0.9275,-0.012322,0.542534,-0.854732,-0.20888,-0.16226,0.19432
3229.66,0,0,5,5,100,100,-32.2966,1.60508,99.2885,-0.000510575,-0.00425204,0.00694673,0,0,3.6925,0.1225,-0.875,-0.012688,0.541436,-0.851926,-0.20888,-0.16226,0.19432
3229.64,0,0,5,5,100,100,-32.2964,1.60698,99.2827,0.00225049,-0.00437022,0.00608749,0,0,3.815,0.175,-0.98,-0.009882,0.541314,-0.85278,-0.20888,-0.16226,0.19432
3229.76,0,0,5,5,100,100,-32.2976,1.60546,99.2773,-0.00136763,-0.00377771,0.0065687,0,0,3.4825,0.0875,-0.8925,-0.013542,0.541924,-0.852292,-0.20888,-0.16226,0.19432
3229.51,0,0,5,5,100,100,-32.2951,1.60348,99.2699,-0.00181911,-0.00483995,0.0036424,0,0,3.5,0.2625,-0.91,-0.01403,0.540826,-0.85522,-0.20888,-0.16226,0.19432
3229.01,0,0,5,5,100,100,-32.2901,1.60228,99.2667,-0.000826236,-0.00574449,0.00233647,0,0,3.6575,0.2275,-0.875,-0.013054,0.53985,-0.856562,-0.20804,-0.16716,0.19936
3228.95,0,0,5,5,100,100,-32.2895,1.60123,99.2656,-0.00105086,-0.00414798,0.00517049,0,0,3.6225,0.2275,-0.805,-0.013298,0.541436,-0.853756,-0.20804,-0.16716,0.19936
3228.93,0,0,5,5,100,100,-32.2893,1.59922,99.2644,-0.00198774,-0.00426724,0.0057882,0,0,3.5525,0.1925,-0.8575,-0.014274,0.541314,-0.853146,-0.20804,-0.16716,0.19936
3228.91,0,0,5,5,100,100,-32.2891,1.59814,99.2633,-0.000754004,-0.00450982,0.00591283,0,0,3.4475,0.105,-0.98,-0.013054,0.54107,-0.853024,-0.20804,-0.16716,0.19936
3229.33,0,0,5,5,100,100,-32.2933,1.59738,99.2642,-0.000740726,-0.00225141,0.00747242,0,0,3.325,0.0875,-0.8925,-0.013054,0.543388,-0.851438,-0.20804,-0.16716,0.19936
3229.44,0,0,5,5,100,100,-32.2944,1.59643,99.2637,-0.000724093,-0.00544233,0.00869258,0,0,3.3775,0.035,-0.91,-0.013054,0.540216,-0.850218,-0.20804,-0.16716,0.19936
3229.82,0,0,5,5,100,100,-32.2982,1.59766,99.2649,0.00107669,-0.00476647,0.0111149,0,0,3.4475,0.14,-0.805,-0.011224,0.540948,-0.847778,-0.20804,-0.16716,0.19936
3229.92,0,0,5,5,100,100,-32.2992,1.59673,99.2646,-0.000850814,-0.00331498,0.00569681,0,0,3.5875,0.14,-0.84,-0.013176,0.542412,-0.853146,-0.20804,-0.16716,0.19936
3229.8,0,0,5,5,100,100,-32.298,1.59463,99.2632,-0.00190754,-0.00574067,0.00644635,0,0,3.3425,0.0525,-0.77,-0.014274,0.539972,-0.852414,-0.20804,-0.16716,0.19936
3230.22,0,0,5,5,100,100,-32.3022,1.5924,99.2668,-0.00247622,-0.0032379,0.00899042,0,0,3.2375,0.1225,-0.7875,-0.014884,0.542534,-0.849852,-0.20636,-0.16324,0.19894
3230.61,0,0,5,5,100,100,-32.3061,1.59267,99.2705,7.03005e-05,-0.004029,0.00981402,0,0,3.29,0.1925,-0.84,-0.012322,0.541802,-0.848998,-0.20636,-0.16324,0.19894
3230.28,0,0,5,5,100,100,-32.3028,1.59087,99.2706,-0.00159913,-0.0064223,0.00480529,0,0,3.3775,0.21,-0.84,-0.01403,0.539362,-0.854,-0.20636,-0.16324,0.19894
3230.2,0,0,5,5,100,100,-32.302,1.59252,99.2723,0.00177381,-0.00482367,0.00554898,0,0,3.5175,0.245,-0.805,-0.010614,0.540948,-0.853268,-0.20636,-0.16324,0.19894
3230.27,0,0,5,5,100,100,-32.3027,1.59138,99.2743,-0.00124346,-0.004467,0.00714183,0,0,3.57,0.245,-0.8575,-0.013664,0.541314,-0.851682,-0.20636,-0.16324,0.19894
3229.93,0,0,5,5,100,100,-32.2993,1.59111,99.2748,9.75585e-05,-0.00661516,0.00520649,0,0,3.5175,0.0875,-0.7525,-0.012322,0.539118,-0.853634,-0.20636,-0.16324,0.19894
3229.6,0,0,5,5,100,100,-32.296,1.5927,99.2753,0.00201356,-0.00632293,0.00462117,0,0,3.465,0.175,-0.8225,-0.01037,0.539362,-0.854244,-0.20636,-0.16324,0.19894
3229.29,0,0,5,5,100,100,-32.2929,1.59305,99.2757,0.000792618,-0.0056665,0.00415812,0,0,3.5875,0.1575,-0.8925,-0.01159,0.539972,-0.854732,-0.20636,-0.16324,0.19894
3229.42,0,0,5,5,100,100,-32.2942,1.59273,99.2785,-0.000173653,-0.00312019,0.00513029,0,0,3.3425,0.1925,-0.9275,-0.012566,0.542534,-0.853756,-0.20608,-0.16296,0.19936
3229.67,0,0,5,5,100,100,-32.2967,1.59117,99.282,-0.00148277,-0.00181428,0.00510749,0,0,3.465,0.14,-0.9275,-0.013908,0.543876,-0.853756,-0.20608,-0.16296,0.19936
3229.56,0,0,5,5,100,100,-32.2956,1.59223,99.284,0.00153578,-0.00460729,0.00487104,0,0,3.5525,0.175,-1.0325,-0.010858,0.54107,-0.854,-0.20608,-0.16296,0.19936
3229.6,0,0,5,5,100,100,-32.296,1.5912,99.2867,-0.000633001,-0.00497904,0.00720425,0,0,3.43,-0.035,-0.8925,-0.013054,0.540704,-0.851682,-0.20608,-0.16296,0.19936
3229.74,0,0,5,5,100,100,-32.2974,1.59041,99.2897,-0.000497656,-0.00463393,0.00743717,0,0,3.185,0,-0.875,-0.012932,0.54107,-0.851438,-0.20608,-0.16296,0.19936
3229.8,0,0,5,5,100,100,-32.298,1.58857,99.292,-0.00168036,-0.0068415,0.00989131,0,0,3.1325,0.0525,-0.91,-0.014152,0.538874,-0.848998,-0.20608,-0.16296,0.19936
3230.26,0,0,5,5,100,100,-32.3026,1.58991,99.2965,0.00157628,-0.00165777,0.00701992,0,0,3.4125,0.1225,-1.05,-0.010858,0.54412,-0.851804,-0.20608,-0.16296,0.19936
3230.17,0,0,5,5,100,100,-32.3017,1.58701,99.298,-0.00250362,-0.006285,0.00789081,0,0,3.465,0.07,-1.12,-0.015006,0.539484,-0.85095,-0.20608,-0.16296,0.19936
3229.89,0,0,5,5,100,100,-32.2989,1.58576,99.2966,-0.000902546,-0.00673257,0.00631907,0,0,3.5525,0.175,-0.9975,-0.01342,0.538996,-0.852536,-0.2093,-0.16408,0.20188
3229.92,0,0,5,5,100,100,-32.2992,1.5845,99.2968,-0.00136637,-0.0039285,0.00533315,0,0,3.325,0.21,-0.7175,-0.013908,0.541802,-0.853512,-0.2093,-0.16408,0.20188
3229.82,0,0,5,5,100,100,-32.2982,1.58259,99.2962,-0.00230505,-0.00611249,0.00755634,0,0,3.465,0.385,-0.735,-0.014884,0.539606,-0.851316,-0.2093,-0.16408,0.20188
3230.14,0,0,5,5,100,100,-32.3014,1.58662,99.298,0.00394187,-0.00359379,0.00826267,0,0,3.5175,0.3325,-0.875,-0.00854,0.542168,-0.850584,-0.2093,-0.16408,0.20188
3229.96,0,0,5,5,100,100,-32.2996,1.587,99.2969,0.000290771,-0.00637659,0.00643474,0,0,3.3425,0.42,-0.8925,-0.0122,0.539362,-0.852414,-0.2093,-0.16408,0.20188
3230,0,0,5,5,100,100,-32.3,1.58936,99.2972,0.00219341,-0.00455048,0.00630678,0,0,3.43,0.4375,-0.84,-0.010248,0.541192,-0.852536,-0.2093,-0.16408,0.20188
3229.58,0,0,5,5,100,100,-32.2958,1.59255,99.2958,0.00335257,-0.00802897,0.00634489,0,0,3.6575,0.3325,-0.735,-0.009028,0.537654,-0.852536,-0.2093,-0.16408,0.20188
3229.49,0,0,5,5,100,100,-32.2949,1.59281,99.2955,0.000189332,-0.00606177,0.00758255,0,0,3.57,0.2975,-0.8225,-0.0122,0.539606,-0.851316,-0.2093,-0.16408,0.20188
3229.6,0,0,5,5,100,100,-32.296,1.59398,99.3018,0.00150524,-0.00387988,0.00585024,0,0,3.2725,0,-0.735,-0.010858,0.541802,-0.853024,-0.20524,-0.16212,0.20132
3229.51,0,0,5,5,100,100,-32.2951,1.59551,99.3072,0.00196456,-0.00704068,0.00844044,0,0,3.395,-0.0175,-0.7875,-0.01037,0.53863,-0.850462,-0.20524,-0.16212,0.20132
3229.74,0,0,5,5,100,100,-32.2974,1.59777,99.3141,0.0020466,-0.00402107,0.00817203,0,0,3.57,0.2625,-0.7,-0.010248,0.54168,-0.850706,-0.20524,-0.16212,0.20132
3229.57,0,0,5,5,100,100,-32.2957,1.59832,99.319,0.000822205,-0.00509479,0.00474523,0,0,3.4825,0.0875,-0.6825,-0.011468,0.540582,-0.854122,-0.20524,-0.16212,0.20132
3229.29,0,0,5,5,100,100,-32.2929,1.59803,99.323,0.000219769,-0.00529809,0.00341884,0,0,3.325,0.07,-0.8225,-0.012078,0.540338,-0.855464,-0.20524,-0.16212,0.20132
3228.6,0,0,5,5,100,100,-32.286,1.59682,99.3247,-0.000487956,-0.00568484,-0.00155704,0,0,3.15,0.1575,-0.84,-0.01281,0.53985,-0.860466,-0.20524,-0.16212,0.20132
3228.67,0,0,5,5,100,100,-32.2867,1.5971,99.3301,0.000235977,-0.00435228,0.00704234,0,0,3.6225,0.28,-0.8925,-0.012078,0.541192,-0.851926,-0.20524,-0.16212,0.20132
3228.33,0,0,5,5,100,100,-32.2833,1.59778,99.3335,0.000953111,-0.00601143,0.00436907,0,0,3.64,0.315,-0.945,-0.011346,0.539484,-0.85461,-0.20524,-0.16212,0.20132
3228.23,0,0,5,5,100,100,-32.2823,1.59677,99.3381,-0.000851639,-0.00440936,0.0052394,0,0,3.6925,0.1925,-0.8925,-0.013176,0.54107,-0.853756,-0.20524,-0.16212,0.20132
3228.33,0,0,5,5,100,100,-32.2833,1.59453,99.3409,-0.00227036,-0.00259299,0.00498498,0,0,3.6575,0.21,-0.91,-0.01464,0.5429,-0.854,-0.20636,-0.16142,0.20006
3228.65,0,0,5,5,100,100,-32.2865,1.59515,99.3447,0.000391451,-0.00325035,0.00827471,0,0,3.5875,0.315,-0.91,-0.011956,0.54229,-0.850706,-0.20636,-0.16142,0.20006
3228.36,0,0,5,5,100,100,-32.2836,1.59255,99.3454,-0.00223587,-0.00552898,0.00473709,0,0,3.675,0.1925,-1.085,-0.01464,0.539972,-0.854244,-0.20636,-0.16142,0.20006
3228.19,0,0,5,5,100,100,-32.2819,1.59127,99.3464,-0.00124163,-0.00574813,0.00586022,0,0,3.43,0.35,-0.9975,-0.013664,0.539728,-0.853146,-0.20636,-0.16142,0.20006
3228.31,0,0,5,5,100,100,-32.2831,1.59017,99.3488,-0.00134382,-0.00564386,0.00953803,0,0,3.5,0.3675,-1.015,-0.013786,0.53985,-0.849486,-0.20636,-0.16142,0.20006
3228.45,0,0,5,5,100,100,-32.2845,1.59035,99.3516,0.000110876,-0.00407636,0.00669738,0,0,3.3075,0.2275,-0.7875,-0.012322,0.541436,-0.852292,-0.20636,-0.16142,0.20006
3228.6,0,0,5,5,100,100,-32.286,1.5878,99.3544,-0.00276027,-0.00361197,0.0069295,0,0,3.465,0.245,-0.875,-0.01525,0.541924,-0.852048,-0.20636,-0.16142,0.20006
3228.68,0,0,5,5,100,100,-32.2868,1.58727,99.3568,-0.000685847,-0.0039891,0.00630827,0,0,3.5175,0.3325,-0.875,-0.013176,0.541558,-0.852658,-0.20636,-0.16142,0.20006
3228.71,0,0,5,5,100,100,-32.2871,1.58519,99.3559,-0.00222891,-0.00533836,0.00827293,0,0,3.57,0.28,-0.945,-0.014762,0.540216,-0.850706,-0.20804,-0.1624,0.1995
3228.77,0,0,5,5,100,100,-32.2877,1.58619,99.3554,0.00115535,-0.00461345,0.00679202,0,0,3.4825,0.2275,-0.945,-0.011346,0.540948,-0.85217,-0.20804,-0.1624,0.1995
3228.51,0,0,5,5,100,100,-32.2851,1.58621,99.3532,6.15732e-05,-0.00713979,0.00693917,0,0,3.4825,0.35,-0.91,-0.012444,0.538386,-0.852048,-0.20804,-0.1624,0.1995
3228.53,0,0,5,5,100,100,-32.2853,1.58583,99.3523,-0.000174767,-0.00543356,0.00767483,0,0,3.4125,0.175,-0.9975,-0.012688,0.540094,-0.851316,-0.20804,-0.1624,0.1995
3228.57,0,0,5,5,100,100,-32.2857,1.58521,99.3514,-0.000528477,-0.00360724,0.00459794,0,0,3.2375,0.245,-0.8925,-0.013054,0.541924,-0.854366,-0.20804,-0.1624,0.1995
3228.64,0,0,5,5,100,100,-32.2864,1.58627,99.3507,0.000910944,-0.00557134,0.00815649,0,0,3.325,0.3675,-0.8925,-0.01159,0.539972,-0.850828,-0.20804,-0.1624,0.1995
3228.75,0,0,5,5,100,100,-32.2875,1.58551,99.3504,-0.00101961,-0.00387828,0.00679392,0,0,3.57,0.35,-0.8575,-0.013542,0.54168,-0.85217,-0.20804,-0.1624,0.1995
3228.85,0,0,5,5,100,100,-32.2885,1.58466,99.3501,-0.00100469,-0.0038937,0.00678467,0,0,3.605,0.2975,-0.8925,-0.013542,0.54168,-0.85217,-0.20804,-0.1624,0.1995
3228.4,0,0,5,5,100,100,-32.284,1.58804,99.3436,0.00391726,-0.00724523,0.00461264,0,0,3.64,0.2275,-0.84,-0.00854,0.538264,-0.854366,-0.20678,-0.16184,0.1932
3227.98,0,0,5,5,100,100,-32.2798,1.59129,99.3372,0.00386046,-0.0071825,0.0046504,0,0,3.5,0.175,-0.84,-0.00854,0.538264,-0.854366,-0.20678,-0.16184,0.1932
3228.14,0,0,5,5,100,100,-32.2814,1.59721,99.3338,0.0064298,-0.00293022,0.0051248,0,0,3.57,0.175,-0.8925,-0.005856,0.542534,-0.853878,-0.20678,-0.16184,0.1932
3228.28,0,0,5,5,100,100,-32.2828,1.60312,99.3306,0.00632678,-0.00294977,0.00510905,0,0,3.64,0.175,-0.805,-0.005856,0.542534,-0.853878,-0.20678,-0.16184,0.1932
3228.04,0,0,5,5,100,100,-32.2804,1.60114,99.325,-0.00189969,-0.00547879,0.00500976,0,0,3.605,0.1575,-0.735,-0.014152,0.539972,-0.854,-0.20678,-0.16184,0.1932
3228.04,0,0,5,5,100,100,-32.2804,1.60088,99.3205,-0.000315939,-0.00462484,0.00648469,0,0,3.535,0.2625,-0.8225,-0.012566,0.540826,-0.852536,-0.20678,-0.16184,0.1932
3227.83,0,0,5,5,100,100,-32.2783,1.60254,99.3153,0.00196349,-0.00434849,0.00330736,0,0,3.6575,0.2275,-0.805,-0.010248,0.54107,-0.855708,-0.20678,-0.16184,0.1932
3227.71,0,0,5,5,100,100,-32.2771,1.60342,99.3106,0.00109764,-0.00555284,0.00651419,0,0,3.6225,0.1225,-0.7525,-0.011102,0.53985,-0.852536,-0.20678,-0.16184,0.1932
3227.64,0,0,5,5,100,100,-32.2764,1.60573,99.3089,0.00263671,-0.00480852,0.00529067,0,0,3.465,0.14,-0.77,-0.009516,0.540582,-0.853756,-0.20664,-0.16702,0.19698
3227.69,0,0,5,5,100,100,-32.2769,1.60708,99.3073,0.00127672,-0.00469382,0.00688353,0,0,3.4825,0.35,-0.875,-0.010858,0.540704,-0.85217,-0.20664,-0.16702,0.19698
3227.84,0,0,5,5,100,100,-32.2784,1.61045,99.3064,0.00340469,-0.00324978,0.00613032,0,0,3.71,0.385,-0.9625,-0.008662,0.542168,-0.852902,-0.20664,-0.16702,0.19698
3228.15,0,0,5,5,100,100,-32.2815,1.60781,99.306,-0.00310941,-0.00244137,0.00733197,0,0,3.605,0.2975,-0.8225,-0.01525,0.543022,-0.851682,-0.20664,-0.16702,0.19698
3227.94,0,0,5,5,100,100,-32.2794,1.60637,99.3031,-0.00150505,-0.00582923,0.00550859,0,0,3.4475,0.3325,-0.84,-0.013664,0.539606,-0.853512,-0.20664,-0.16702,0.19698
3228.01,0,0,5,5,100,100,-32.2801,1.60721,99.3017,0.000788546,-0.00547329,0.00845228,0,0,3.5,0.28,-0.8925,-0.011346,0.539972,-0.850584,-0.20664,-0.16702,0.19698
3227.89,0,0,5,5,100,100,-32.2789,1.60482,99.2992,-0.00244982,-0.0046014,0.00502185,0,0,3.5,0.28,-0.875,-0.01464,0.540826,-0.854,-0.20664,-0.16702,0.19698
3228.08,0,0,5,5,100,100,-32.2808,1.60667,99.2984,0.00213427,-0.0030417,0.00574081,0,0,3.395,0.1925,-0.98,-0.010004,0.542412,-0.853268,-0.20664,-0.16702,0.19698
3228.52,0,0,5,5,100,100,-32.2852,1.60841,99.2987,0.0017396,-0.00359424,0.0096337,0,0,3.36,0.1925,-0.98,-0.01037,0.541924,-0.849364,-0.20664,-0.16702,0.19698
3228.46,0,0,5,5,100,100,-32.2846,1.60894,99.3058,0.000879818,-0.00431772,0.00410658,0,0,3.15,0.0875,-0.7525,-0.011224,0.541192,-0.854854,-0.20482,-0.16114,0.20272
3228.92,0,0,5,5,100,100,-32.2892,1.61023,99.3157,0.00134325,-0.00255334,0.00824341,0,0,3.3075,0.0175,-0.735,-0.010736,0.543022,-0.850706,-0.20482,-0.16114,0.20272
3228.79,0,0,5,5,100,100,-32.2879,1.60837,99.3221,-0.00202578,-0.00522163,0.00579721,0,0,3.4825,0.3325,-0.84,-0.014152,0.540338,-0.853146,-0.20482,-0.16114,0.20272
3228.69,0,0,5,5,100,100,-32.2869,1.6095,99.3287,0.000870131,-0.00606181,0.00728123,0,0,3.535,0.5075,-0.8925,-0.011224,0.539484,-0.851682,-0.20482,-0.16114,0.20272
3228.76,0,0,5,5,100,100,-32.2876,1.6092,99.3357,-0.000825434,-0.00509543,0.00813533,0,0,3.5525,0.5775,-0.945,-0.012932,0.54046,-0.850828,-0.20482,-0.16114,0.20272
3228.73,0,0,5,5,100,100,-32.2873,1.61048,99.3426,0.00121754,-0.00411279,0.00531033,0,0,3.6925,0.42,-0.9275,-0.010858,0.541436,-0.853634,-0.20482,-0.16114,0.20272
3229.05,0,0,5,5,100,100,-32.2905,1.61184,99.3515,0.00143668,-0.00513762,0.0106891,0,0,3.3425,0.0175,-0.77,-0.010614,0.54046,-0.848266,-0.20482,-0.16114,0.20272
3229.25,0,0,5,5,100,100,-32.2925,1.61077,99.3595,-0.000731352,-0.00309013,0.00587657,0,0,3.2725,-0.0875,-0.7875,-0.01281,0.542534,-0.853024,-0.20482,-0.16114,0.20272
3229.62,0,0,5,5,100,100,-32.2962,1.60955,99.3602,-0.00107446,-0.00338957,0.00891611,0,0,3.395,-0.07,-0.84,-0.013176,0.54229,-0.849974,-0.2079,-0.16352,0.19894
3229.62,0,0,5,5,100,100,-32.2962,1.60913,99.3592,-9.53561e-05,-0.00534459,0.00719444,0,0,3.36,0.0175,-0.84,-0.0122,0.540338,-0.851682,-0.2079,-0.16352,0.19894
3229.58,0,0,5,5,100,100,-32.2958,1.60857,99.3576,-0.000692969,-0.0052166,0.00646079,0,0,3.36,0.2975,-0.7875,-0.01281,0.54046,-0.852414,-0.2079,-0.16352,0.19894
3229.76,0,0,5,5,100,100,-32.2976,1.60925,99.3575,0.000874372,-0.00206663,0.00410836,0,0,3.395,0.1225,-0.7875,-0.011224,0.543632,-0.854732,-0.2079,-0.16352,0.19894
3229.69,0,0,5,5,100,100,-32.2969,1.60947,99.3562,0.000263114,-0.00462155,0.00546682,0,0,3.5175,0.2275,-0.77,-0.011834,0.54107,-0.85339,-0.2079,-0.16352,0.19894
3229.47,0,0,5,5,100,100,-32.2947,1.60714,99.3537,-0.00224737,-0.00483409,0.00388989,0,0,3.4125,0.2275,-0.84,-0.014396,0.540826,-0.854976,-0.2079,-0.16352,0.19894
3229.14,0,0,5,5,100,100,-32.2914,1.60766,99.351,0.00102361,-0.00600635,0.00392056,0,0,3.395,0.1575,-0.8925,-0.011102,0.539606,-0.854976,-0.2079,-0.16352,0.19894
3229.22,0,0,5,5,100,100,-32.2922,1.6085,99.3503,0.00100909,-0.00540667,0.00784751,0,0,3.2725,0.105,-0.805,-0.011102,0.540216,-0.851072,-0.2079,-0.16352,0.19894
3229.26,0,0,5,5,100,100,-32.2926,1.60849,99.3586,0.000158732,-0.00406934,0.0056306,0,0,3.3775,0.1225,-0.7875,-0.011956,0.541558,-0.853268,-0.20468,-0.16114,0.20356
3229.39,0,0,5,5,100,100,-32.2939,1.60827,99.367,-0.000201897,-0.00518734,0.00832368,0,0,3.29,0.1575,-0.84,-0.012322,0.54046,-0.850584,-0.20468,-0.16114,0.20356
3229.24,0,0,5,5,100,100,-32.2924,1.60729,99.3741,-0.00042773,-0.00443398,0.00415701,0,0,3.465,0.0175,-0.945,-0.012566,0.541192,-0.854732,-0.20468,-0.16114,0.20356
3229.55,0,0,5,5,100,100,-32.2955,1.60954,99.3833,0.00257019,-0.00398946,0.00830816,0,0,3.29,0.07,-0.945,-0.009516,0.54168,-0.850584,-0.20468,-0.16114,0.20356
3228.88,0,0,5,5,100,100,-32.2888,1.60889,99.3877,0.00039481,-0.00535707,-0.00183431,0,0,3.185,0.0175,-0.91,-0.011712,0.540216,-0.86071,-0.20468,-0.16114,0.20356
3228.79,0,0,5,5,100,100,-32.2879,1.60825,99.3946,-0.000444459,-0.00668785,0.00788697,0,0,3.2375,0.1575,-0.91,-0.012566,0.538874,-0.851072,-0.20468,-0.16114,0.20356
3229.16,0,0,5,5,100,100,-32.2916,1.61046,99.4036,0.00218961,-0.00466517,0.00994201,0,0,3.1675,0.2275,-0.9275,-0.009882,0.540948,-0.848998,-0.20468,-0.16114,0.20356
3229.16,0,0,5,5,100,100,-32.2916,1.60904,99.4108,-0.00155163,-0.005276,0.0071149,0,0,3.3425,0.28,-0.8575,-0.013664,0.540338,-0.851804,-0.20468,-0.16114,0.20356
3229.2,0,0,5,5,100,100,-32.292,1.60989,99.4184,0.000984741,-0.00430465,0.00588134,0,0,3.3775,0.1925,-0.8225,-0.011102,0.541314,-0.853024,-0.20468,-0.16114,0.20356
3229.53,0,0,5,5,100,100,-32.2953,1.60972,99.4299,-0.000348555,-0.00276569,0.00732605,0,0,3.395,0.2275,-0.84,-0.012444,0.5429,-0.85156,-0.20202,-0.16282,0.20286
3229.61,0,0,5,5,100,100,-32.2961,1.60909,99.4399,-0.000702034,-0.00460964,0.0073188,0,0,3.4825,0.28,-0.9275,-0.01281,0.54107,-0.85156,-0.20202,-0.16282,0.20286
3229.54,0,0,5,5,100,100,-32.2954,1.60837,99.4492,-0.000689519,-0.00520947,0.00634246,0,0,3.5,0.2625,-0.8925,-0.01281,0.54046,-0.852536,-0.20202,-0.16282,0.20286
3229.85,0,0,5,5,100,100,-32.2985,1.61035,99.4606,0.00194862,-0.00183511,0.00545211,0,0,3.4475,0.2275,-0.77,-0.010126,0.543876,-0.85339,-0.20202,-0.16282,0.20286
3229.86,0,0,5,5,100,100,-32.2986,1.61223,99.4705,0.00191588,-0.00537895,0.00741682,0,0,3.4825,0.2625,-0.8225,-0.010126,0.540338,-0.851438,-0.20202,-0.16282,0.20286
3230.27,0,0,5,5,100,100,-32.3027,1.61271,99.4818,0.000206726,-0.00604946,0.0136491,0,0,3.5175,0.245,-0.9975,-0.011834,0.539728,-0.845216,-0.20202,-0.16282,0.20286
3230.23,0,0,5,5,100,100,-32.3023,1.61296,99.4912,0.000445252,-0.00567765,0.00750493,0,0,3.535,0.1575,-0.8925,-0.01159,0.540094,-0.851316,-0.20202,-0.16282,0.20286
3230.16,0,0,5,5,100,100,-32.3016,1.61296,99.5005,8.07747e-05,-0.00420096,0.00480712,0,0,3.57,0.21,-0.77,-0.011956,0.541558,-0.854,-0.20202,-0.16282,0.20286
3229.84,0,0,5,5,100,100,-32.2984,1.61436,99.4977,0.00151413,-0.00622983,0.0045903,0,0,3.4825,0.3675,-0.805,-0.010492,0.539484,-0.854244,-0.2058,-0.16646,0.19768
3229.58,0,0,5,5,100,100,-32.2958,1.61075,99.4946,-0.00388968,-0.00558173,0.00473903,0,0,3.4125,0.4025,-0.84,-0.015982,0.540094,-0.854122,-0.2058,-0.16646,0.19768
3229.88,0,0,5,5,100,100,-32.2988,1.61107,99.4946,-0.000129231,-0.00330582,0.00803033,0,0,3.5,0.3675,-0.77,-0.0122,0.542412,-0.850828,-0.2058,-0.16646,0.19768
3229.71,0,0,5,5,100,100,-32.2971,1.60934,99.4923,-0.00204272,-0.00535715,0.00558806,0,0,3.535,0.4025,-0.77,-0.014152,0.540338,-0.853268,-0.2058,-0.16646,0.19768
3229.88,0,0,5,5,100,100,-32.2988,1.60948,99.4919,0.000141502,-0.00306117,0.00606432,0,0,3.57,0.1925,-0.8225,-0.011956,0.542656,-0.85278,-0.2058,-0.16646,0.19768
3229.66,0,0,5,5,100,100,-32.2966,1.60545,99.4892,-0.00416162,-0.00461792,0.00424196,0,0,3.605,0.315,-0.91,-0.016348,0.54107,-0.85461,-0.2058,-0.16646,0.19768
3229.21,0,0,5,5,100,100,-32.2921,1.60512,99.4858,9.60761e-05,-0.00846019,0.0069886,0,0,3.6225,0.1575,-0.9275,-0.012078,0.537166,-0.851926,-0.2058,-0.16646,0.19768
3229.84,0,0,5,5,100,100,-32.2984,1.60494,99.4873,-0.000629611,-0.00586537,0.0160288,0,0,3.465,0.175,-0.945,-0.01281,0.53985,-0.842898,-0.2058,-0.16646,0.19768
3230,0,0,5,5,100,100,-32.3,1.60605,99.4849,0.0011733,-0.00381246,0.00740703,0,0,3.7275,0.245,-0.9625,-0.01098,0.541924,-0.851438,-0.20552,-0.16506,0.19488
3229.63,0,0,5,5,100,100,-32.2963,1.60731,99.4804,0.00188022,-0.00461299,0.00190798,0,0,3.71,0.1575,-0.8925,-0.010248,0.54107,-0.856928,-0.20552,-0.16506,0.19488
3229.58,0,0,5,5,100,100,-32.2958,1.60631,99.4769,-0.000775071,-0.00448431,0.00584705,0,0,3.6225,0.175,-0.98,-0.012932,0.541192,-0.853024,-0.20552,-0.16506,0.19488
3229.13,0,0,5,5,100,100,-32.2913,1.60335,99.4715,-0.00254561,-0.00612776,0.00355466,0,0,3.6575,0.105,-0.91,-0.014762,0.539484,-0.855342,-0.20552,-0.16506,0.19488
3229.24,0,0,5,5,100,100,-32.2924,1.60343,99.4691,0.000125557,-0.00333597,0.00563392,0,0,3.465,0.175,-0.7875,-0.012078,0.54229,-0.853268,-0.20552,-0.16506,0.19488
3229.23,0,0,5,5,100,100,-32.2923,1.60518,99.4661,0.00216029,-0.00540948,0.00686406,0,0,3.395,0.0875,-0.875,-0.010004,0.540216,-0.852048,-0.20552,-0.16506,0.19488
3229.2,0,0,5,5,100,100,-32.292,1.60686,99.463,0.00213094,-0.00540461,0.00686616,0,0,3.4825,0.105,-0.945,-0.010004,0.540216,-0.852048,-0.20552,-0.16506,0.19488
3229.13,0,0,5,5,100,100,-32.2913,1.60597,99.4595,-0.000769103,-0.0055168,0.00675001,0,0,3.43,0.175,-0.875,-0.012932,0.540094,-0.85217,-0.20552,-0.16506,0.19488
3229.05,0,0,5,5,100,100,-32.2905,1.60518,99.4559,-0.000755285,-0.00550535,0.00675771,0,0,3.5,0.28,-0.945,-0.012932,0.540094,-0.85217,-0.20552,-0.16506,0.19488
3229.06,0,0,5,5,100,100,-32.2906,1.605,99.4564,9.81555e-05,-0.00477359,0.00651128,0,0,3.465,0.1225,-0.9275,-0.012078,0.540826,-0.852414,-0.20496,-0.16646,0.19824
3229.1,0,0,5,5,100,100,-32.291,1.60463,99.4569,0.000104589,-0.00477972,0.00650762,0,0,3.2725,0.0525,-1.0325,-0.012078,0.540826,-0.852414,-0.20496,-0.16646,0.19824
3229.15,0,0,5,5,100,100,-32.2915,1.60331,99.4575,-0.00084417,-0.0045434,0.00638043,0,0,3.2725,-0.0175,-0.9975,-0.013054,0.54107,-0.852536,-0.20496,-0.16646,0.19824
3229.18,0,0,5,5,100,100,-32.2918,1.60201,99.4582,-0.000821476,-0.00454741,0.00637864,0,0,3.4125,-0.07,-0.91,-0.013054,0.54107,-0.852536,-0.20496,-0.16646,0.19824
3229.07,0,0,5,5,100,100,-32.2907,1.60097,99.4582,-0.000803446,-0.00428723,0.00417623,0,0,3.3775,0.14,-0.8225,-0.013054,0.541314,-0.854732,-0.20496,-0.16646,0.19824
3228.66,0,0,5,5,100,100,-32.2866,1.60145,99.4566,0.000524603,-0.00666973,0.00470569,0,0,3.675,0.5075,-0.9975,-0.011712,0.538874,-0.854244,-0.20496,-0.16646,0.19824
3228.6,0,0,5,5,100,100,-32.286,1.60346,99.4565,0.00158285,-0.00666017,0.00889081,0,0,3.6575,0.6475,-0.9625,-0.010614,0.538874,-0.850096,-0.20496,-0.16646,0.19824
3228.76,0,0,5,5,100,100,-32.2876,1.60321,99.4577,-0.000356474,-0.0046075,0.00826138,0,0,3.4825,0.245,-0.8925,-0.012566,0.540948,-0.850706,-0.20496,-0.16646,0.19824
3228.6,0,0,5,5,100,100,-32.286,1.60119,99.4567,-0.00177916,-0.00507338,0.00508018,0,0,3.4475,0.175,-0.9625,-0.01403,0.54046,-0.853878,-0.20678,-0.16576,0.2002
3228.19,0,0,5,5,100,100,-32.2819,1.59977,99.4546,-0.000903927,-0.00586869,0.00315146,0,0,3.4825,0.1225,-0.9275,-0.013176,0.539606,-0.85583,-0.20678,-0.16576,0.2002
3228.44,0,0,5,5,100,100,-32.2844,1.6001,99.4557,6.22081e-05,-0.00492779,0.0100136,0,0,3.57,0.315,-0.91,-0.0122,0.540582,-0.848998,-0.20678,-0.16576,0.2002
3228.18,0,0,5,5,100,100,-32.2818,1.59875,99.4545,-0.00125057,-0.00562311,0.00512006,0,0,3.6575,0.245,-0.8575,-0.013542,0.53985,-0.853878,-0.20678,-0.16576,0.2002
3228.22,0,0,5,5,100,100,-32.2822,1.60029,99.4549,0.00188117,-0.00428491,0.00634538,0,0,3.64,0.105,-0.875,-0.01037,0.541192,-0.852658,-0.20678,-0.16576,0.2002
3228.33,0,0,5,5,100,100,-32.2833,1.60134,99.4557,0.00113401,-0.00369084,0.00645726,0,0,3.64,0.1925,-0.84,-0.011102,0.541802,-0.852536,-0.20678,-0.16576,0.2002
3228.01,0,0,5,5,100,100,-32.2801,1.60101,99.4544,4.63561e-05,-0.00694091,0.00587262,0,0,3.5,0.0875,-0.7875,-0.0122,0.538508,-0.853146,-0.20678,-0.16576,0.2002
3228.32,0,0,5,5,100,100,-32.2832,1.60134,99.4558,4.06514e-05,-0.00515432,0.0108847,0,0,3.4475,0.2275,-0.805,-0.0122,0.540338,-0.848144,-0.20678,-0.16576,0.2002
3228.23,0,0,5,5,100,100,-32.2823,1.59855,99.4598,-0.00282633,-0.00379837,0.00400912,0,0,3.43,0.245,-0.8575,-0.015128,0.54168,-0.854976,-0.2051,-0.16702,0.20314
3228.41,0,0,5,5,100,100,-32.2841,1.59873,99.4651,0.000207532,-0.00297027,0.00559042,0,0,3.3425,0.245,-0.8925,-0.012078,0.542534,-0.85339,-0.2051,-0.16702,0.20314
3228.22,0,0,5,5,100,100,-32.2822,1.59994,99.4687,0.00127985,-0.00599518,0.00560758,0,0,3.3775,0.315,-0.7875,-0.01098,0.539484,-0.85339,-0.2051,-0.16702,0.20314
3228.42,0,0,5,5,100,100,-32.2842,1.60001,99.4742,6.38456e-05,-0.00297091,0.00583518,0,0,3.36,0.175,-0.7875,-0.0122,0.542534,-0.853146,-0.2051,-0.16702,0.20314
3228.91,0,0,5,5,100,100,-32.2891,1.60174,99.481,0.00136986,-0.00389758,0.0110756,0,0,3.465,0.315,-0.875,-0.010858,0.54168,-0.8479,-0.2051,-0.16702,0.20314
3228.97,0,0,5,5,100,100,-32.2897,1.6013,99.4855,-0.000809105,-0.00549413,0.00873422,0,0,3.605,0.455,-0.945,-0.013054,0.540094,-0.850218,-0.2051,-0.16702,0.20314
3229.03,0,0,5,5,100,100,-32.2903,1.60226,99.4901,0.00087486,-0.00464736,0.00700725,0,0,3.535,0.35,-0.8925,-0.011346,0.540948,-0.851926,-0.2051,-0.16702,0.20314
3229.1,0,0,5,5,100,100,-32.291,1.60171,99.4946,-0.000694862,-0.00563501,0.00909097,0,0,3.605,0.3325,-0.9975,-0.012932,0.539972,-0.849852,-0.2051,-0.16702,0.20314
3229.32,0,0,5,5,100,100,-32.2932,1.60063,99.4983,-0.00116189,-0.00383596,0.00821019,0,0,3.605,0.21,-0.9625,-0.01342,0.541802,-0.850706,-0.20594,-0.16646,0.20244
3229.13,0,0,5,5,100,100,-32.2913,1.59874,99.5001,-0.00185779,-0.0056408,0.00613826,0,0,3.675,0.2275,-0.875,-0.014152,0.539972,-0.85278,-0.20594,-0.16646,0.20244
3228.92,0,0,5,5,100,100,-32.2892,1.59874,99.502,0.000328918,-0.00475453,0.00419092,0,0,3.6925,0.175,-0.875,-0.011956,0.540826,-0.854732,-0.20594,-0.16646,0.20244
3229.34,0,0,5,5,100,100,-32.2934,1.5996,99.5071,0.00116427,-0.00225179,0.00796269,0,0,3.5875,-0.0875,-0.84,-0.011102,0.543388,-0.85095,-0.20594,-0.16646,0.20244
3229.56,0,0,5,5,100,100,-32.2956,1.5996,99.5111,0.000435411,-0.00484968,0.00904823,0,0,3.325,-0.175,-0.805,-0.011834,0.540826,-0.849852,-0.20594,-0.16646,0.20244
3229.31,0,0,5,5,100,100,-32.2931,1.60197,99.5128,0.00330973,-0.00603329,0.00452157,0,0,3.325,-0.035,-0.945,-0.008906,0.539606,-0.854366,-0.20594,-0.16646,0.20244
3229.15,0,0,5,5,100,100,-32.2915,1.60005,99.5149,-0.00139484,-0.00429964,0.00392302,0,0,3.535,-0.07,-0.8225,-0.013664,0.541314,-0.854976,-0.20594,-0.16646,0.20244
3229.35,0,0,5,5,100,100,-32.2935,1.60099,99.519,0.00138297,-0.00384125,0.00771485,0,0,3.5875,-0.14,-0.77,-0.010858,0.541802,-0.851194,-0.20594,-0.16646,0.20244
3229.18,0,0,5,5,100,100,-32.2918,1.60164,99.5216,0.00125018,-0.00552554,0.0057634,0,0,3.6575,-0.14,-0.6825,-0.01098,0.540094,-0.853146,-0.20594,-0.16646,0.20244
3228.97,0,0,5,5,100,100,-32.2897,1.59981,99.5249,-0.00151209,-0.00647127,0.00689076,0,0,3.605,-0.0175,-0.77,-0.013786,0.539118,-0.852048,-0.2051,-0.16226,0.20188
3228.96,0,0,5,5,100,100,-32.2896,1.59989,99.5291,0.000308759,-0.00439348,0.00590816,0,0,3.57,0.0875,-0.7875,-0.011956,0.541192,-0.853024,-0.2051,-0.16226,0.20188
3228.94,0,0,5,5,100,100,-32.2894,1.5972,99.5329,-0.00255989,-0.00439197,0.00603362,0,0,3.5,0.035,-0.805,-0.014884,0.541192,-0.852902,-0.2051,-0.16226,0.20188
3228.62,0,0,5,5,100,100,-32.2862,1.59675,99.5353,0.00012073,-0.00727513,0.00631003,0,0,3.5,0.035,-0.9275,-0.0122,0.538264,-0.852658,-0.2051,-0.16226,0.20188
3228.34,0,0,5,5,100,100,-32.2834,1.595,99.538,-0.00106372,-0.00393779,0.00191011,0,0,3.535,-0.0525,-0.875,-0.01342,0.541558,-0.85705,-0.2051,-0.16226,0.20188
3228.8,0,0,5,5,100,100,-32.288,1.59685,99.5442,0.00218417,-0.00290595,0.00912048,0,0,3.4825,-0.0525,-0.91,-0.010126,0.542656,-0.849852,-0.2051,-0.16226,0.20188
3228.99,0,0,5,5,100,100,-32.2899,1.59569,99.5486,-0.000954191,-0.00427744,0.00787391,0,0,3.3425,0.07,-0.98,-0.013298,0.541314,-0.851072,-0.2051,-0.16226,0.20188
3229,0,0,5,5,100,100,-32.29,1.59409,99.5518,-0.00153373,-0.00574418,0.00811996,0,0,3.43,0.2625,-1.085,-0.013908,0.53985,-0.850828,-0.2051,-0.16226,0.20188
3229.03,0,0,5,5,100,100,-32.2903,1.59253,99.5538,-0.00174954,-0.00526058,0.00774891,0,0,3.4475,0.315,-0.91,-0.014152,0.540338,-0.851194,-0.20398,-0.16492,0.19922
3229,0,0,5,5,100,100,-32.29,1.5913,99.5556,-0.00124208,-0.00476842,0.00578475,0,0,3.2725,0.2275,-0.8225,-0.013664,0.540826,-0.853146,-0.20398,-0.16492,0.19922
3229.3,0,0,5,5,100,100,-32.293,1.58966,99.559,-0.00206385,-0.00530128,0.0106756,0,0,3.2025,0.21,-0.735,-0.014518,0.540338,-0.848266,-0.20398,-0.16492,0.19922
3229.3,0,0,5,5,100,100,-32.293,1.58726,99.561,-0.0023864,-0.00481396,0.00711072,0,0,3.5875,0.1575,-0.91,-0.014884,0.540826,-0.851804,-0.20398,-0.16492,0.19922
3229.42,0,0,5,5,100,100,-32.2942,1.58754,99.5638,0.000402774,-0.00409804,0.00709991,0,0,3.605,0.175,-0.91,-0.012078,0.541558,-0.851804,-0.20398,-0.16492,0.19922
3229.55,0,0,5,5,100,100,-32.2955,1.58834,99.5665,0.000996316,-0.0036293,0.00634927,0,0,3.5175,0.1925,-0.9625,-0.011468,0.542046,-0.852536,-0.20398,-0.16492,0.19922
3229.63,0,0,5,5,100,100,-32.2963,1.58716,99.569,-0.00116995,-0.00547373,0.00916983,0,0,3.6575,0.1575,-0.9275,-0.013664,0.540216,-0.84973,-0.20398,-0.16492,0.19922
3229.77,0,0,5,5,100,100,-32.2977,1.58689,99.5718,-7.17879e-05,-0.00378474,0.00718968,0,0,3.6925,0.1225,-0.98,-0.012566,0.541924,-0.851682,-0.20398,-0.16492,0.19922
3230.53,0,0,5,5,100,100,-32.3053,1.58798,99.5691,0.000881164,-0.0016973,0.0109304,0,0,3.4125,0.1225,-0.91,-0.01159,0.54412,-0.8479,-0.2093,-0.16282,0.1974
3230.4,0,0,5,5,100,100,-32.304,1.58641,99.5618,-0.00164276,-0.00534252,0.00541035,0,0,3.2725,0.3325,-0.875,-0.014152,0.54046,-0.85339,-0.2093,-0.16282,0.1974
3230.01,0,0,5,5,100,100,-32.3001,1.58554,99.5535,-0.000412715,-0.00418674,3.69229e-05,0,0,3.22,0.2275,-0.875,-0.012932,0.541558,-0.858758,-0.2093,-0.16282,0.1974
3230.08,0,0,5,5,100,100,-32.3008,1.58561,99.5479,7.20692e-05,-0.0051743,0.00753007,0,0,3.2725,0.14,-0.7175,-0.012444,0.540582,-0.851316,-0.2093,-0.16282,0.1974
3230.38,0,0,5,5,100,100,-32.3038,1.58643,99.5436,0.00102956,-0.00387353,0.00848624,0,0,3.4125,-0.035,-0.7525,-0.011468,0.541924,-0.85034,-0.2093,-0.16282,0.1974
3230.34,0,0,5,5,100,100,-32.3034,1.58645,99.5376,5.72965e-05,-0.00509006,0.0063991,0,0,3.4125,0.1925,-0.7525,-0.012444,0.540704,-0.852414,-0.2093,-0.16282,0.1974
3230.75,0,0,5,5,100,100,-32.3075,1.5861,99.5335,-0.000786926,-0.00429512,0.0107875,0,0,3.4125,0.2625,-0.805,-0.013298,0.541558,-0.848022,-0.2093,-0.16282,0.1974
3230.84,0,0,5,5,100,100,-32.3084,1.58501,99.5279,-0.00113243,-0.00455242,0.00758325,0,0,3.5875,0.2275,-0.9275,-0.013664,0.541314,-0.851194,-0.2093,-0.16282,0.1974
3230.65,0,0,5,5,100,100,-32.3065,1.58256,99.5147,-0.00254737,-0.00660172,0.00760164,0,0,3.64,0.2275,-0.84,-0.015128,0.53924,-0.851194,-0.21308,-0.16184,0.19572
3230.74,0,0,5,5,100,100,-32.3074,1.58286,99.5032,-1.46372e-06,-0.00502803,0.00820738,0,0,3.535,0.3325,-0.7525,-0.012566,0.540826,-0.850584,-0.21308,-0.16184,0.19572
3231.14,0,0,5,5,100,100,-32.3114,1.58474,99.493,0.00166659,-0.00459679,0.010875,0,0,3.43,0.28,-0.8925,-0.010858,0.541314,-0.8479,-0.21308,-0.16184,0.19572
3230.94,0,0,5,5,100,100,-32.3094,1.58716,99.4808,0.00320366,-0.00407934,0.00277728,0,0,3.5525,0.0175,-0.84,-0.009272,0.541802,-0.855952,-0.21308,-0.16184,0.19572
3231.22,0,0,5,5,100,100,-32.3122,1.5878,99.4706,0.000884304,-0.00326431,0.00766965,0,0,3.57,0.035,-0.8925,-0.01159,0.542656,-0.851072,-0.21308,-0.16184,0.19572
3231.54,0,0,5,5,100,100,-32.3154,1.58929,99.4608,0.00146571,-0.00306686,0.00763919,0,0,3.4475,0.14,-0.735,-0.01098,0.5429,-0.851072,-0.21308,-0.16184,0.19572
3231.67,0,0,5,5,100,100,-32.3167,1.59233,99.4501,0.00311336,-0.00418477,0.00664198,0,0,3.36,0.28,-0.7875,-0.009272,0.541802,-0.852048,-0.21308,-0.16184,0.19572
3231.76,0,0,5,5,100,100,-32.3176,1.595,99.4393,0.00306677,-0.00419722,0.00663257,0,0,3.5875,0.21,-1.0325,-0.009272,0.541802,-0.852048,-0.21308,-0.16184,0.19572
3231,0,0,5,5,100,100,-32.31,1.59957,99.4247,0.00578134,-0.0077484,0.00129145,0,0,3.64,0.21,-1.0675,-0.006466,0.538142,-0.857416,-0.21308,-0.16184,0.19572
3230.26,0,0,5,5,100,100,-32.3026,1.60441,99.411,0.0056968,-0.00763835,0.00135824,0,0,3.6225,0.2625,-0.77,-0.006466,0.538142,-0.857416,-0.20986,-0.16268,0.19166
3229.9,0,0,5,5,100,100,-32.299,1.60328,99.3986,-0.000843722,-0.00709649,0.00544992,0,0,3.4125,0.1225,-0.77,-0.013054,0.53863,-0.85339,-0.20986,-0.16268,0.19166
3229.64,0,0,5,5,100,100,-32.2964,1.60309,99.3866,0.000374484,-0.00461582,0.00252337,0,0,3.325,0.0875,-0.875,-0.011834,0.54107,-0.856318,-0.20986,-0.16268,0.19166
3229.29,0,0,5,5,100,100,-32.2929,1.60162,99.3742,-0.000814704,-0.00676202,0.00489316,0,0,3.36,-0.0175,-0.9275,-0.013054,0.538874,-0.854,-0.20986,-0.16268,0.19166
3229.8,0,0,5,5,100,100,-32.298,1.6004,99.3658,-0.00140079,-0.00244144,0.00976378,0,0,3.6225,0.175,-1.0325,-0.013664,0.543266,-0.84912,-0.20986,-0.16268,0.19166
3229.7,0,0,5,5,100,100,-32.297,1.60042,99.3551,0.00029953,-0.00755601,0.0101419,0,0,3.7275,0.0875,-0.945,-0.011956,0.538142,-0.848754,-0.20986,-0.16268,0.19166
3229.86,0,0,5,5,100,100,-32.2986,1.59799,99.3456,-0.00233064,-0.00379469,0.00816061,0,0,3.885,0.0525,-0.9975,-0.01464,0.541924,-0.850706,-0.20986,-0.16268,0.19166
3230.07,0,0,5,5,100,100,-32.3007,1.5991,99.3366,0.00129451,-0.00602306,0.0112147,0,0,3.605,0.0525,-0.91,-0.01098,0.539728,-0.847656,-0.20986,-0.16268,0.19166
3230.2,0,0,5,5,100,100,-32.302,1.59998,99.3309,0.000793149,-0.00604207,0.0098497,0,0,3.395,0.2275,-0.8225,-0.011468,0.539728,-0.848998,-0.2121,-0.15946,0.19824
3230.22,0,0,5,5,100,100,-32.3022,1.59952,99.3245,-0.000413672,-0.00470267,0.00652783,0,0,3.395,0.2275,-0.8925,-0.012688,0.54107,-0.852292,-0.2121,-0.15946,0.19824
3229.93,0,0,5,5,100,100,-32.2993,1.60061,99.317,0.00163265,-0.00649039,0.0052027,0,0,3.4825,0.105,-0.875,-0.010614,0.53924,-0.853634,-0.2121,-0.15946,0.19824
3229.8,0,0,5,5,100,100,-32.298,1.60092,99.3103,0.000655279,-0.0054941,0.0061983,0,0,3.6225,0.1575,-0.945,-0.01159,0.540216,-0.852658,-0.2121,-0.15946,0.19824
3229.5,0,0,5,5,100,100,-32.295,1.59924,99.3024,-0.00125906,-0.00520618,0.00315316,0,0,3.36,0.14,-0.945,-0.013542,0.54046,-0.855708,-0.2121,-0.15946,0.19824
3229.51,0,0,5,5,100,100,-32.2951,1.599,99.296,-0.000283039,-0.00508622,0.00671743,0,0,3.29,0.315,-0.91,-0.012566,0.540582,-0.85217,-0.2121,-0.15946,0.19824
3229.6,0,0,5,5,100,100,-32.296,1.60025,99.2903,0.00115304,-0.00387795,0.0059708,0,0,3.43,0.3325,-0.805,-0.011102,0.541802,-0.852902,-0.2121,-0.15946,0.19824
3229.5,0,0,5,5,100,100,-32.295,1.60122,99.2841,0.00113602,-0.00471796,0.00524196,0,0,3.5875,0.2275,-0.805,-0.011102,0.540948,-0.853634,-0.2121,-0.15946,0.19824
3229.08,0,0,5,5,100,100,-32.2908,1.59994,99.2769,-0.00090684,-0.00575559,0.0025767,0,0,3.4125,0.175,-0.84,-0.013176,0.53985,-0.856318,-0.2121,-0.16226,0.19978
3229.02,0,0,5,5,100,100,-32.2902,1.60269,99.2715,0.00268968,-0.005623,0.00663903,0,0,3.465,0.455,-0.8575,-0.009516,0.539972,-0.852292,-0.2121,-0.16226,0.19978
3228.93,0,0,5,5,100,100,-32.2893,1.60346,99.2662,0.000610975,-0.00499995,0.00603168,0,0,3.6225,0.385,-0.7875,-0.01159,0.540582,-0.852902,-0.2121,-0.16226,0.19978
3228.95,0,0,5,5,100,100,-32.2895,1.6049,99.2614,0.00131489,-0.00512416,0.00750492,0,0,3.6575,0.3675,-0.8575,-0.010858,0.54046,-0.851438,-0.2121,-0.16226,0.19978
3229.22,0,0,5,5,100,100,-32.2922,1.6059,99.2578,0.00105433,-0.00479658,0.00993879,0,0,3.5525,0.1575,-0.9275,-0.011102,0.540826,-0.848998,-0.2121,-0.16226,0.19978
3229.1,0,0,5,5,100,100,-32.291,1.60466,99.2522,-0.000867729,-0.00539104,0.00650717,0,0,3.6575,0.1225,-1.0675,-0.013054,0.540216,-0.852414,-0.2121,-0.16226,0.19978
3229.3,0,0,5,5,100,100,-32.293,1.60433,99.2486,-0.00037603,-0.00517537,0.0104236,0,0,3.8325,0.14,-0.91,-0.012566,0.54046,-0.84851,-0.2121,-0.16226,0.19978
3229.17,0,0,5,5,100,100,-32.2917,1.6011,99.2431,-0.00347829,-0.00552419,0.00687111,0,0,3.675,0.2625,-0.8225,-0.015738,0.540094,-0.852048,-0.2121,-0.16226,0.19978
3229.39,0,0,5,5,100,100,-32.2939,1.60226,99.2397,0.0011179,-0.00409025,0.00844881,0,0,3.6575,0.21,-0.84,-0.011102,0.541558,-0.850462,-0.2121,-0.16226,0.19978
3229.39,0,0,5,5,100,100,-32.2939,1.60236,99.2363,2.27294e-05,-0.0045796,0.00598924,0,0,3.3775,0.3325,-0.8575,-0.0122,0.54107,-0.852902,-0.20902,-0.16268,0.19698
3229.64,0,0,5,5,100,100,-32.2964,1.60242,99.2337,-0.000464202,-0.00583747,0.0112529,0,0,3.4475,0.525,-1.0325,-0.012688,0.53985,-0.847656,-0.20902,-0.16268,0.19698
3229.51,0,0,5,5,100,100,-32.2951,1.60377,99.2293,0.00145602,-0.00557279,0.00585526,0,0,3.5,0.5075,-1.155,-0.010736,0.540094,-0.853024,-0.20902,-0.16268,0.19698
3229.29,0,0,5,5,100,100,-32.2929,1.60216,99.2248,-0.00179605,-0.00541851,0.00476998,0,0,3.4475,0.4025,-0.84,-0.01403,0.540216,-0.854122,-0.20902,-0.16268,0.19698
3229.33,0,0,5,5,100,100,-32.2933,1.60234,99.2217,2.30769e-05,-0.00444813,0.00648696,0,0,3.465,0.3675,-0.875,-0.0122,0.541192,-0.852414,-0.20902,-0.16268,0.19698
3229.44,0,0,5,5,100,100,-32.2944,1.60085,99.2188,-0.00165172,-0.00312155,0.0054936,0,0,3.5,0.35,-0.98,-0.013908,0.542534,-0.85339,-0.20902,-0.16268,0.19698
3229.53,0,0,5,5,100,100,-32.2953,1.60316,99.2163,0.00256009,-0.00350091,0.00560701,0,0,3.5875,0.2625,-0.9625,-0.009638,0.542168,-0.853268,-0.20902,-0.16268,0.19698
3229.45,0,0,5,5,100,100,-32.2945,1.60519,99.2131,0.00228159,-0.00519821,0.00622846,0,0,3.64,0.2625,-0.91,-0.009882,0.54046,-0.852658,-0.20902,-0.16268,0.19698
3229.17,0,0,5,5,100,100,-32.2917,1.60368,99.2086,-0.000850665,-0.00540116,0.00404237,0,0,3.535,-0.035,-0.945,-0.013054,0.540216,-0.854854,-0.2114,-0.15946,0.1995
3229.39,0,0,5,5,100,100,-32.2939,1.6041,99.2068,0.000599866,-0.00555512,0.0105383,0,0,3.535,-0.0175,-0.8225,-0.01159,0.540094,-0.848388,-0.2114,-0.15946,0.1995
3229.04,0,0,5,5,100,100,-32.2904,1.60197,99.2023,-0.0015498,-0.00513841,0.00307146,0,0,3.605,-0.0875,-0.77,-0.013786,0.54046,-0.85583,-0.2114,-0.15946,0.1995
3229.21,0,0,5,5,100,100,-32.2921,1.60166,99.2005,-0.000329548,-0.00382018,0.00748188,0,0,3.605,0.0525,-0.665,-0.012566,0.541802,-0.851438,-0.2114,-0.15946,0.1995
3229.25,0,0,5,5,100,100,-32.2925,1.6037,99.198,0.00230759,-0.00443515,0.00600258,0,0,3.43,0.105,-0.7175,-0.009882,0.541192,-0.852902,-0.2114,-0.15946,0.1995
3229.31,0,0,5,5,100,100,-32.2931,1.60163,99.1951,-0.00202975,-0.0035906,0.00575135,0,0,3.5175,0.1225,-0.8575,-0.014274,0.542046,-0.853146,-0.2114,-0.15946,0.1995
3229.31,0,0,5,5,100,100,-32.2931,1.60009,99.192,-0.00151701,-0.00298025,0.00403078,0,0,3.5875,0.2275,-0.875,-0.013786,0.542656,-0.854854,-0.2114,-0.15946,0.1995
3228.96,0,0,5,5,100,100,-32.2896,1.59984,99.1874,-5.47943e-05,-0.00439461,0.00172723,0,0,3.6225,0.2975,-0.805,-0.012322,0.541192,-0.857172,-0.2114,-0.15946,0.1995
3228.71,0,0,5,5,100,100,-32.2871,1.60104,99.1858,0.00150361,-0.00594408,0.00482437,0,0,3.465,0.2275,-0.8225,-0.010736,0.539606,-0.854122,-0.20776,-0.16002,0.19712
3228.84,0,0,5,5,100,100,-32.2884,1.60192,99.1862,0.000759303,-0.00327646,0.00591829,0,0,3.57,0.28,-0.7525,-0.011468,0.54229,-0.853024,-0.20776,-0.16002,0.19712
3228.65,0,0,5,5,100,100,-32.2865,1.60047,99.1847,-0.00152357,-0.00544776,0.00532143,0,0,3.4825,0.2975,-0.8225,-0.013786,0.540094,-0.853634,-0.20776,-0.16002,0.19712
3229,0,0,5,5,100,100,-32.29,1.6,99.1858,-0.000664892,-0.00391154,0.00897767,0,0,3.2025,0.175,-0.805,-0.012932,0.54168,-0.849974,-0.20776,-0.16002,0.19712
3228.9,0,0,5,5,100,100,-32.289,1.59814,99.1846,-0.00221176,-0.00475249,0.00529909,0,0,3.43,0.385,-0.7525,-0.014518,0.540826,-0.853634,-0.20776,-0.16002,0.19712
3228.92,0,0,5,5,100,100,-32.2892,1.59679,99.184,-0.00170225,-0.00243436,0.00296241,0,0,3.4125,0.42,-0.7525,-0.01403,0.543144,-0.855952,-0.20776,-0.16002,0.19712
3229.06,0,0,5,5,100,100,-32.2906,1.59544,99.184,-0.00167874,-0.00221098,0.00467127,0,0,3.605,0.42,-0.91,-0.01403,0.543388,-0.854244,-0.20776,-0.16002,0.19712
3228.54,0,0,5,5,100,100,-32.2854,1.59807,99.1812,0.00313485,-0.00567631,0.00115249,0,0,3.57,0.3675,-0.875,-0.00915,0.53985,-0.857782,-0.20776,-0.16002,0.19712
3228.42,0,0,5,5,100,100,-32.2842,1.59763,99.1837,-0.000137684,-0.00468185,0.00460633,0,0,3.395,0.1925,-0.945,-0.012444,0.540826,-0.854366,-0.2058,-0.16226,0.1988
3228.39,0,0,5,5,100,100,-32.2839,1.59804,99.1866,0.000462526,-0.00626402,0.00817505,0,0,3.43,0.2975,-0.9625,-0.011834,0.53924,-0.850828,-0.2058,-0.16226,0.1988
3228.47,0,0,5,5,100,100,-32.2847,1.59877,99.1901,0.000814333,-0.00407856,0.00632231,0,0,3.4475,0.2625,-0.9275,-0.011468,0.541436,-0.852658,-0.2058,-0.16226,0.1988
3228.39,0,0,5,5,100,100,-32.2839,1.60011,99.1928,0.00176283,-0.00357781,0.0033785,0,0,3.5,0.245,-0.9975,-0.010492,0.541924,-0.855586,-0.2058,-0.16226,0.1988
3228.31,0,0,5,5,100,100,-32.2831,1.60092,99.1957,0.00138416,-0.00478712,0.00535277,0,0,3.5,0.07,-0.98,-0.010858,0.540704,-0.853634,-0.2058,-0.16226,0.1988
3228.62,0,0,5,5,100,100,-32.2862,1.60111,99.2005,0.000530446,-0.00373356,0.00901232,0,0,3.605,-0.0525,-0.945,-0.011712,0.541802,-0.849974,-0.2058,-0.16226,0.1988
3228.5,0,0,5,5,100,100,-32.285,1.60054,99.2032,-0.000188467,-0.0054249,0.00607353,0,0,3.5525,0.07,-0.91,-0.012444,0.540094,-0.852902,-0.2058,-0.16226,0.1988
3228.46,0,0,5,5,100,100,-32.2846,1.60034,99.2062,0.000300987,-0.00529763,0.00693753,0,0,3.535,0,-0.9625,-0.011956,0.540216,-0.852048,-0.2058,-0.16226,0.1988
3228.5,0,0,5,5,100,100,-32.285,1.5998,99.2096,-0.000297031,-0.00444809,0.00681152,0,0,3.64,0.0875,-0.91,-0.012566,0.54107,-0.85217,-0.2058,-0.16226,0.1988
3228.9,0,0,5,5,100,100,-32.289,1.59685,99.2084,-0.00340426,-0.00389814,0.0108322,0,0,3.57,0.1225,-0.77,-0.015738,0.54168,-0.848144,-0.20734,-0.16464,0.19488
3228.83,0,0,5,5,100,100,-32.2883,1.59418,99.2052,-0.0026287,-0.00498722,0.00653687,0,0,3.64,0.07,-0.7875,-0.015006,0.540582,-0.852414,-0.20734,-0.16464,0.19488
3228.93,0,0,5,5,100,100,-32.2893,1.59177,99.2027,-0.00222212,-0.00231569,0.00406964,0,0,3.465,0,-0.805,-0.01464,0.543266,-0.854854,-0.20734,-0.16464,0.19488
3229.26,0,0,5,5,100,100,-32.2926,1.5914,99.2012,-0.000514972,-0.00382949,0.00908023,0,0,3.43,0.1575,-0.8225,-0.012932,0.541802,-0.849852,-0.20734,-0.16464,0.19488
3229.4,0,0,5,5,100,100,-32.294,1.5894,99.199,-0.00205927,-0.00397333,0.00759227,0,0,3.6225,0.105,-0.84,-0.014518,0.54168,-0.851316,-0.20734,-0.16464,0.19488
3229.45,0,0,5,5,100,100,-32.2945,1.58786,99.1965,-0.00142498,-0.00569023,0.00894108,0,0,3.605,0.0525,-0.875,-0.013908,0.539972,-0.849974,-0.20734,-0.16464,0.19488
3229.3,0,0,5,5,100,100,-32.293,1.58684,99.193,-0.000799892,-0.004692,0.00489777,0,0,3.6225,0.14,-0.84,-0.013298,0.540948,-0.854,-0.20734,-0.16464,0.19488
3229.26,0,0,5,5,100,100,-32.2926,1.58714,99.1898,0.000531364,-0.0056632,0.00723731,0,0,3.4475,0.1925,-0.9625,-0.011956,0.539972,-0.851682,-0.20734,-0.16464,0.19488
3229.04,0,0,5,5,100,100,-32.2904,1.5858,99.1869,-0.00114612,-0.00575338,0.00529108,0,0,3.465,0.2975,-1.05,-0.013664,0.53985,-0.853634,-0.20748,-0.16506,0.1967
3228.85,0,0,5,5,100,100,-32.2885,1.58435,99.1845,-0.00112086,-0.00572576,0.00530936,0,0,3.325,0.07,-0.84,-0.013664,0.53985,-0.853634,-0.20748,-0.16506,0.1967
3228.73,0,0,5,5,100,100,-32.2873,1.58797,99.1828,0.00452578,-0.00375199,0.0026149,0,0,3.43,0.035,-0.8925,-0.00793,0.541802,-0.856318,-0.20748,-0.16506,0.1967
3228.59,0,0,5,5,100,100,-32.2859,1.59166,99.181,0.00446149,-0.00373038,0.00262644,0,0,3.5175,0.14,-0.9275,-0.00793,0.541802,-0.856318,-0.20748,-0.16506,0.1967
3228.52,0,0,5,5,100,100,-32.2852,1.59244,99.1794,0.000924746,-0.00555247,0.00693539,0,0,3.5525,0.21,-0.84,-0.011468,0.539972,-0.852048,-0.20748,-0.16506,0.1967
3228.45,0,0,5,5,100,100,-32.2845,1.59356,99.1779,0.000905243,-0.00554138,0.00694176,0,0,3.605,0.35,-0.6825,-0.011468,0.539972,-0.852048,-0.20748,-0.16506,0.1967
3228.7,0,0,5,5,100,100,-32.287,1.59372,99.178,-0.000191005,-0.00338033,0.00753288,0,0,3.4825,0.245,-0.63,-0.012566,0.542168,-0.851438,-0.20748,-0.16506,0.1967
3228.8,0,0,5,5,100,100,-32.288,1.59287,99.1769,-0.000904954,-0.00657052,0.0102288,0,0,3.29,0.14,-0.84,-0.013298,0.538996,-0.848754,-0.20748,-0.16506,0.1967
3228.95,0,0,5,5,100,100,-32.2895,1.59316,99.1728,-5.96441e-05,-0.00500477,0.00837059,0,0,3.325,0.42,-0.8575,-0.012444,0.540582,-0.850584,-0.21126,-0.16436,0.19866
3229.24,0,0,5,5,100,100,-32.2924,1.59435,99.1698,0.000891427,-0.00419318,0.00871139,0,0,3.255,0.315,-0.7525,-0.011468,0.541436,-0.850218,-0.21126,-0.16436,0.19866
3229.61,0,0,5,5,100,100,-32.2961,1.596,99.1671,0.0011056,-0.00424619,0.00978347,0,0,3.325,0.42,-0.7175,-0.011224,0.541436,-0.84912,-0.21126,-0.16436,0.19866
3229.1,0,0,5,5,100,100,-32.291,1.59542,99.1604,-9.9109e-05,-0.00771322,0.00442125,0,0,3.395,0.1225,-0.8225,-0.012444,0.537898,-0.854488,-0.21126,-0.16436,0.19866
3229.24,0,0,5,5,100,100,-32.2924,1.59681,99.157,0.00157746,-0.00565774,0.00932533,0,0,3.395,0.0875,-0.8225,-0.010736,0.539972,-0.849608,-0.21126,-0.16436,0.19866
3229.15,0,0,5,5,100,100,-32.2915,1.59778,99.1522,0.00107455,-0.00601024,0.00699752,0,0,3.43,0.315,-0.9275,-0.011224,0.539606,-0.851926,-0.21126,-0.16436,0.19866
3229.33,0,0,5,5,100,100,-32.2933,1.59989,99.1489,0.00213106,-0.00689177,0.0117745,0,0,3.4125,0.2275,-0.9275,-0.010126,0.538752,-0.847168,-0.21126,-0.16436,0.19866
3229.24,0,0,5,5,100,100,-32.2924,1.59996,99.1445,0.000186058,-0.00492327,0.00575908,0,0,3.6225,0.21,-0.8225,-0.012078,0.540704,-0.853146,-0.21126,-0.16436,0.19866
3229.01,0,0,5,5,100,100,-32.2901,1.60107,99.1394,0.00138159,-0.00647667,0.00627188,0,0,3.57,0.21,-0.84,-0.010858,0.539118,-0.852658,-0.21126,-0.16436,0.19866
3228.85,0,0,5,5,100,100,-32.2885,1.60117,99.1412,0.000286428,-0.00376739,0.00321233,0,0,3.6225,0.2625,-0.8575,-0.011956,0.541802,-0.855708,-0.20678,-0.1617,0.19866
3228.72,0,0,5,5,100,100,-32.2872,1.60141,99.1433,0.000525342,-0.00399245,0.00408496,0,0,3.7275,0.1575,-0.84,-0.011712,0.541558,-0.854854,-0.20678,-0.1617,0.19866
3228.84,0,0,5,5,100,100,-32.2884,1.60029,99.1462,-0.00115588,-0.00364283,0.00665694,0,0,3.6575,0.175,-0.8575,-0.01342,0.541924,-0.852292,-0.20678,-0.1617,0.19866
3228.53,0,0,5,5,100,100,-32.2853,1.60124,99.1475,0.00137859,-0.00579595,0.00434889,0,0,3.6225,0.14,-0.7875,-0.010858,0.539728,-0.85461,-0.20678,-0.1617,0.19866
3228.56,0,0,5,5,100,100,-32.2856,1.60121,99.1502,-7.86714e-05,-0.00653305,0.0101248,0,0,3.6925,0.1575,-0.805,-0.012322,0.538996,-0.848876,-0.20678,-0.1617,0.19866
3228.53,0,0,5,5,100,100,-32.2853,1.60112,99.1524,-7.70991e-05,-0.0062845,0.00877508,0,0,3.605,0.1925,-0.84,-0.012322,0.53924,-0.850218,-0.20678,-0.1617,0.19866
3228.26,0,0,5,5,100,100,-32.2826,1.60076,99.1533,-0.000192314,-0.00734381,0.00695623,0,0,3.43,0.21,-0.84,-0.012444,0.538142,-0.852048,-0.20678,-0.1617,0.19866
3227.84,0,0,5,5,100,100,-32.2784,1.60059,99.1536,0.000175076,-0.00764784,0.00564328,0,0,3.5175,0.1925,-0.8575,-0.012078,0.537776,-0.85339,-0.20678,-0.1617,0.19866
3227.77,0,0,5,5,100,100,-32.2777,1.59919,99.1637,-0.00125835,-0.00531756,0.00675686,0,0,3.5525,0.105,-0.84,-0.013542,0.540094,-0.852292,-0.2037,-0.16282,0.20342
3227.76,0,0,5,5,100,100,-32.2776,1.59993,99.1742,0.000915626,-0.00507135,0.00712651,0,0,3.675,0.14,-0.8225,-0.011346,0.540338,-0.851926,-0.2037,-0.16282,0.20342
3227.89,0,0,5,5,100,100,-32.2789,1.60227,99.1855,0.00245411,-0.00509088,0.00871116,0,0,3.605,0.14,-0.7525,-0.00976,0.540338,-0.85034,-0.2037,-0.16282,0.20342
3228.18,0,0,5,5,100,100,-32.2818,1.60207,99.197,-0.000579513,-0.00574369,0.0120042,0,0,3.605,0.2625,-0.84,-0.01281,0.539728,-0.847046,-0.2037,-0.16282,0.20342
3228.37,0,0,5,5,100,100,-32.2837,1.60528,99.2082,0.00325191,-0.00491612,0.00841962,0,0,3.3425,0.1925,-0.6825,-0.008906,0.540582,-0.850584,-0.2037,-0.16282,0.20342
3228.15,0,0,5,5,100,100,-32.2815,1.60606,99.2171,0.000930099,-0.00659268,0.00585823,0,0,3.2725,0.2275,-0.735,-0.011224,0.538874,-0.853146,-0.2037,-0.16282,0.20342
3228.29,0,0,5,5,100,100,-32.2829,1.60519,99.2275,-0.00112,-0.00466094,0.00793478,0,0,3.3075,0.2625,-0.7875,-0.013298,0.540826,-0.851072,-0.2037,-0.16282,0.20342
3228.05,0,0,5,5,100,100,-32.2805,1.60354,99.2359,-0.00169854,-0.00511387,0.00426976,0,0,3.57,0.315,-0.84,-0.013908,0.540338,-0.854732,-0.2037,-0.16282,0.20342
3228.1,0,0,5,5,100,100,-32.281,1.60376,99.2409,0.000362737,-0.00426694,0.00623178,0,0,3.4475,0.245,-0.9625,-0.011834,0.541192,-0.85278,-0.20986,-0.15904,0.2065
3228.26,0,0,5,5,100,100,-32.2826,1.60231,99.2463,-0.00131268,-0.00294626,0.00560353,0,0,3.4475,0.1225,-0.945,-0.013542,0.542534,-0.85339,-0.20986,-0.15904,0.2065
3228.27,0,0,5,5,100,100,-32.2827,1.604,99.2514,0.00193787,-0.00514651,0.00719964,0,0,3.5525,0.1925,-0.8925,-0.010248,0.540338,-0.851804,-0.20986,-0.15904,0.2065
3228.45,0,0,5,5,100,100,-32.2845,1.603,99.2569,-0.00108182,-0.0029746,0.00583112,0,0,3.395,0.21,-0.84,-0.013298,0.542534,-0.853146,-0.20986,-0.15904,0.2065
3228.27,0,0,5,5,100,100,-32.2827,1.60199,99.2604,-0.00130709,-0.00465861,0.00351196,0,0,3.22,0.4725,-0.77,-0.013542,0.540826,-0.855464,-0.20986,-0.15904,0.2065
3228.48,0,0,5,5,100,100,-32.2848,1.60304,99.2658,0.000496922,-0.00493266,0.00914816,0,0,3.43,0.5425,-0.8575,-0.011712,0.540582,-0.849852,-0.20986,-0.15904,0.2065
3228.51,0,0,5,5,100,100,-32.2851,1.60109,99.2702,-0.00202033,-0.0032279,0.00447407,0,0,3.4125,0.2975,-0.945,-0.014274,0.54229,-0.854488,-0.20986,-0.15904,0.2065
3228.58,0,0,5,5,100,100,-32.2858,1.60196,99.2753,0.00124457,-0.00409291,0.00606551,0,0,3.4475,0.105,-0.9275,-0.01098,0.541436,-0.852902,-0.20986,-0.15904,0.2065
3228.68,0,0,5,5,100,100,-32.2868,1.60283,99.2746,0.00110787,-0.00386386,0.00593244,0,0,3.3425,0.1225,-0.8225,-0.011102,0.54168,-0.853024,-0.21014,-0.15946,0.20048
3228.7,0,0,5,5,100,100,-32.287,1.60474,99.2739,0.00216792,-0.00447632,0.00642198,0,0,3.675,0.14,-0.7875,-0.010004,0.54107,-0.852536,-0.21014,-0.15946,0.20048
3228.64,0,0,5,5,100,100,-32.2864,1.60758,99.2727,0.00321187,-0.00764285,0.00999139,0,0,3.5,0.105,-0.8575,-0.008906,0.537898,-0.848998,-0.21014,-0.15946,0.20048
3228.59,0,0,5,5,100,100,-32.2859,1.60572,99.2712,-0.00185811,-0.0058042,0.00802955,0,0,3.64,0.175,-0.91,-0.01403,0.539728,-0.85095,-0.21014,-0.15946,0.20048
3228.96,0,0,5,5,100,100,-32.2896,1.60429,99.2717,-0.00183324,-0.00353774,0.00971756,0,0,3.6225,0.2275,-0.8225,-0.01403,0.542046,-0.849242,-0.21014,-0.15946,0.20048
3228.87,0,0,5,5,100,100,-32.2887,1.60359,99.2699,-0.00072756,-0.00511191,0.00579214,0,0,3.4475,0.2975,-0.875,-0.012932,0.54046,-0.853146,-0.21014,-0.15946,0.20048
3228.63,0,0,5,5,100,100,-32.2863,1.60287,99.2674,-0.000715076,-0.00642077,0.00556848,0,0,3.255,0.28,-0.77,-0.012932,0.539118,-0.85339,-0.21014,-0.15946,0.20048
3228.8,0,0,5,5,100,100,-32.288,1.60483,99.2672,0.00228799,-0.00375822,0.00641267,0,0,3.325,0.0875,-0.8225,-0.009882,0.541802,-0.852536,-0.21014,-0.15946,0.20048
3229.02,0,0,5,5,100,100,-32.2902,1.60498,99.2674,0.000463032,-0.003791,0.0074984,0,0,3.3775,-0.07,-0.77,-0.011712,0.541802,-0.851438,-0.21014,-0.15946,0.20048
3228.81,0,0,5,5,100,100,-32.2881,1.60483,99.2661,0.000465639,-0.00595878,0.00530469,0,0,3.3425,-0.0525,-0.8225,-0.011712,0.539606,-0.853634,-0.20804,-0.16282,0.1988
3229.16,0,0,5,5,100,100,-32.2916,1.60685,99.2672,0.00237415,-0.004911,0.0105579,0,0,3.325,0.035,-0.9975,-0.00976,0.540704,-0.848388,-0.20804,-0.16282,0.1988
3229.36,0,0,5,5,100,100,-32.2936,1.60832,99.2675,0.00161961,-0.00371876,0.0068502,0,0,3.3425,0.245,-0.9625,-0.010492,0.541924,-0.852048,-0.20804,-0.16282,0.1988
3228.89,0,0,5,5,100,100,-32.2889,1.60516,99.2643,-0.00306316,-0.00523775,0.00148569,0,0,3.5,0.3325,-0.9275,-0.01525,0.540338,-0.857416,-0.20804,-0.16282,0.1988
3229.04,0,0,5,5,100,100,-32.2904,1.60421,99.2641,-0.0011028,-0.00293881,0.00602177,0,0,3.6925,0.3675,-1.0325,-0.013298,0.542656,-0.852902,-0.20804,-0.16282,0.1988
3228.03,0,0,5,5,100,100,-32.2803,1.60214,99.2586,-0.00155263,-0.00694306,-0.00248989,0,0,3.6925,0.3675,-0.91,-0.013786,0.538508,-0.861442,-0.20804,-0.16282,0.1988
3227.89,0,0,5,5,100,100,-32.2789,1.60388,99.2579,0.00230451,-0.00386955,0.00366938,0,0,3.745,0.105,-0.875,-0.009882,0.541558,-0.855342,-0.20804,-0.16282,0.1988
3227.52,0,0,5,5,100,100,-32.2752,1.60108,99.2557,-0.00214168,-0.00454837,0.00173789,0,0,3.5525,-0.105,-0.8225,-0.014396,0.540826,-0.857294,-0.20804,-0.16282,0.1988
3227.35,0,0,5,5,100,100,-32.2735,1.60015,99.2536,-0.000667627,-0.00598808,0.00605792,0,0,3.43,0.0525,-0.7525,-0.012932,0.539362,-0.853024,-0.21,-0.1575,0.19964
3226.82,0,0,5,5,100,100,-32.2682,1.59872,99.2498,-0.000885622,-0.00542211,0.000820875,0,0,3.5175,0.0875,-0.7875,-0.013176,0.53985,-0.85827,-0.21,-0.1575,0.19964
3227.06,0,0,5,5,100,100,-32.2706,1.59655,99.2496,-0.0023056,-0.00399301,0.00854489,0,0,3.4475,0.07,-0.7875,-0.01464,0.541314,-0.850584,-0.21,-0.1575,0.19964
3226.75,0,0,5,5,100,100,-32.2675,1.59807,99.2469,0.00240593,-0.00467853,0.00168872,0,0,3.3775,0,-0.8575,-0.009882,0.540582,-0.857416,-0.21,-0.1575,0.19964
3226.83,0,0,5,5,100,100,-32.2683,1.59711,99.2457,-0.00110043,-0.00469167,0.00745956,0,0,3.43,0.245,-0.84,-0.01342,0.540582,-0.851682,-0.21,-0.1575,0.19964
3226.9,0,0,5,5,100,100,-32.269,1.59783,99.2448,0.000830649,-0.004824,0.0074527,0,0,3.5175,0.1575,-0.805,-0.011468,0.54046,-0.851682,-0.21,-0.1575,0.19964
3227.24,0,0,5,5,100,100,-32.2724,1.59819,99.2452,0.000581436,-0.00316362,0.00828194,0,0,3.5175,0.035,-0.9275,-0.011712,0.542168,-0.850828,-0.21,-0.1575,0.19964
3227.17,0,0,5,5,100,100,-32.2717,1.5943,99.2433,-0.00372419,-0.00474195,0.00644583,0,0,3.71,0.0525,-0.9975,-0.016104,0.540582,-0.852658,-0.21,-0.1575,0.19964
3227.53,0,0,5,5,100,100,-32.2753,1.5963,99.2393,0.00207236,-0.00406131,0.00997728,0,0,3.5875,0.175,-0.945,-0.010248,0.541314,-0.84912,-0.21434,-0.16016,0.2016
3227.91,0,0,5,5,100,100,-32.2791,1.59789,99.2357,0.00180151,-0.00338465,0.00932618,0,0,3.605,0.07,-0.9275,-0.010492,0.542046,-0.84973,-0.21434,-0.16016,0.2016
3227.94,0,0,5,5,100,100,-32.2794,1.59706,99.2302,-0.000613659,-0.00436602,0.00612725,0,0,3.43,0.07,-0.84,-0.012932,0.54107,-0.852902,-0.21434,-0.16016,0.2016
3228.49,0,0,5,5,100,100,-32.2849,1.59875,99.2272,0.00154366,-0.00432505,0.0125913,0,0,3.43,0.175,-0.9275,-0.010736,0.541192,-0.846436,-0.21434,-0.16016,0.2016
3228.45,0,0,5,5,100,100,-32.2845,1.59883,99.2213,0.000448832,-0.00431964,0.00546364,0,0,3.5875,0.21,-1.085,-0.011834,0.541192,-0.853512,-0.21434,-0.16016,0.2016
3227.81,0,0,5,5,100,100,-32.2781,1.60184,99.2129,0.00379799,-0.00801046,0.00318597,0,0,3.605,0.28,-0.98,-0.008418,0.53741,-0.85583,-0.21434,-0.16016,0.2016
3227.21,0,0,5,5,100,100,-32.2721,1.60452,99.2045,0.00375114,-0.00792135,0.00324069,0,0,3.465,0.14,-1.0675,-0.008418,0.53741,-0.85583,-0.21434,-0.16016,0.2016
3226.82,0,0,5,5,100,100,-32.2682,1.60379,99.197,-2.16169e-06,-0.00297833,-0.00164023,0,0,3.43,0.1225,-0.945,-0.0122,0.54229,-0.86071,-0.21434,-0.16016,0.2016
3226.42,0,0,5,5,100,100,-32.2642,1.60311,99.1895,9.69336e-06,-0.00291952,-0.00160271,0,0,3.5175,0.1575,-0.9625,-0.0122,0.54229,-0.86071,-0.21434,-0.16016,0.2016
3226.8,0,0,5,5,100,100,-32.268,1.60645,99.1888,0.00359593,-0.00419621,0.0101634,0,0,3.5175,0.105,-0.91,-0.00854,0.54107,-0.848998,-0.20986,-0.16296,0.19852
3227.19,0,0,5,5,100,100,-32.2719,1.60957,99.1882,0.00354153,-0.00425296,0.0101258,0,0,3.4125,0,-0.9275,-0.00854,0.54107,-0.848998,-0.20986,-0.16296,0.19852
3227.28,0,0,5,5,100,100,-32.2728,1.61016,99.1861,0.000858635,-0.00475483,0.00741214,0,0,3.43,0.0525,-0.8225,-0.011224,0.540582,-0.851682,-0.20986,-0.16296,0.19852
3227.4,0,0,5,5,100,100,-32.274,1.61092,99.1839,0.000845363,-0.0047711,0.00740143,0,0,3.3075,0.1925,-0.84,-0.011224,0.540582,-0.851682,-0.20986,-0.16296,0.19852
3227.43,0,0,5,5,100,100,-32.2743,1.61335,99.1814,0.00250379,-0.00465391,0.00604446,0,0,3.29,0.3325,-0.8225,-0.009516,0.540704,-0.853024,-0.20986,-0.16296,0.19852
3227.32,0,0,5,5,100,100,-32.2732,1.61447,99.1778,0.00102644,-0.00536902,0.00519432,0,0,3.2375,0.4725,-0.875,-0.01098,0.539972,-0.853878,-0.20986,-0.16296,0.19852
3227.27,0,0,5,5,100,100,-32.2727,1.61457,99.1745,-6.88313e-05,-0.00291932,0.00224802,0,0,3.2025,0.49,-0.84,-0.012078,0.542412,-0.856806,-0.20986,-0.16296,0.19852
3227.53,0,0,5,5,100,100,-32.2753,1.61412,99.1732,-0.000546929,-0.00246972,0.00640396,0,0,3.535,0.21,-0.8575,-0.012566,0.5429,-0.852658,-0.20986,-0.16296,0.19852
3227.69,0,0,5,5,100,100,-32.2769,1.61282,99.1746,-0.00137453,-0.00469212,0.00860255,0,0,3.5,0.1925,-0.945,-0.01342,0.540704,-0.850462,-0.20916,-0.16268,0.20118
3227.82,0,0,5,5,100,100,-32.2782,1.61237,99.1761,-3.03506e-05,-0.0028789,0.00465667,0,0,3.29,-0.0175,-0.8575,-0.012078,0.542534,-0.854366,-0.20916,-0.16268,0.20118
3228.19,0,0,5,5,100,100,-32.2819,1.61435,99.1792,0.00260775,-0.00415484,0.00966186,0,0,3.325,-0.21,-0.8575,-0.009394,0.541314,-0.849364,-0.20916,-0.16268,0.20118
3228.41,0,0,5,5,100,100,-32.2841,1.61548,99.1813,0.00137318,-0.00381998,0.00755117,0,0,3.465,0.0875,-0.875,-0.010614,0.54168,-0.851438,-0.20916,-0.16268,0.20118
3228.7,0,0,5,5,100,100,-32.287,1.6157,99.1836,0.000154534,-0.00337514,0.00826115,0,0,3.57,0.2275,-0.945,-0.011834,0.542168,-0.850706,-0.20916,-0.16268,0.20118
3228.63,0,0,5,5,100,100,-32.2863,1.61706,99.1843,0.00146717,-0.00495216,0.00568515,0,0,3.4825,0.2625,-0.7875,-0.010492,0.540582,-0.853268,-0.20916,-0.16268,0.20118
3228.74,0,0,5,5,100,100,-32.2874,1.61743,99.1858,0.000367215,-0.00350232,0.00604387,0,0,3.5875,0.245,-0.84,-0.01159,0.542046,-0.852902,-0.20916,-0.16268,0.20118
3229.03,0,0,5,5,100,100,-32.2903,1.61645,99.1881,-0.00131639,-0.0045215,0.0098292,0,0,3.465,0.21,-0.7875,-0.013298,0.54107,-0.84912,-0.20916,-0.16268,0.20118
3229.19,0,0,5,5,100,100,-32.2919,1.61825,99.193,0.00193238,-0.0040567,0.00710831,0,0,3.43,0.175,-0.805,-0.010004,0.541558,-0.851804,-0.20818,-0.15778,0.20202
3229.57,0,0,5,5,100,100,-32.2957,1.61865,99.1988,0.000102961,-0.00533356,0.0122368,0,0,3.5,0.2275,-0.8575,-0.011834,0.540338,-0.84668,-0.20818,-0.15778,0.20202
3229.5,0,0,5,5,100,100,-32.295,1.61939,99.2025,0.000697478,-0.00507995,0.00634072,0,0,3.605,0.3325,-0.84,-0.011224,0.540582,-0.852536,-0.20818,-0.15778,0.20202
3229.57,0,0,5,5,100,100,-32.2957,1.61765,99.2065,-0.0020663,-0.00447897,0.00731922,0,0,3.605,0.315,-0.84,-0.01403,0.541192,-0.85156,-0.20818,-0.15778,0.20202
3230.01,0,0,5,5,100,100,-32.3001,1.61649,99.2122,-0.00131718,-0.00173585,0.00740126,0,0,3.4125,0.1925,-0.945,-0.013298,0.543998,-0.851438,-0.20818,-0.15778,0.20202
3230.23,0,0,5,5,100,100,-32.3023,1.61814,99.2171,0.00193423,-0.00494278,0.00873273,0,0,3.2375,0.105,-0.9275,-0.010004,0.540826,-0.850096,-0.20818,-0.15778,0.20202
3230.1,0,0,5,5,100,100,-32.301,1.61611,99.22,-0.00191789,-0.00443607,0.00395043,0,0,3.255,0.175,-0.84,-0.013908,0.541314,-0.854854,-0.20818,-0.15778,0.20202
3229.89,0,0,5,5,100,100,-32.2989,1.61457,99.2227,-0.00152665,-0.0074582,0.00827414,0,0,3.5525,0.1925,-0.84,-0.013542,0.538264,-0.850584,-0.20818,-0.15778,0.20202
3230.05,0,0,5,5,100,100,-32.3005,1.61643,99.2386,0.00172104,-0.0054047,0.00911938,0,0,3.43,0.35,-0.875,-0.010248,0.540338,-0.84973,-0.20384,-0.16226,0.20944
3230.05,0,0,5,5,100,100,-32.3005,1.61457,99.2533,-0.00213399,-0.00540627,0.00752114,0,0,3.36,0.35,-0.91,-0.014152,0.540338,-0.851316,-0.20384,-0.16226,0.20944
3230.01,0,0,5,5,100,100,-32.3001,1.61345,99.2676,-0.00102118,-0.00454474,0.00518996,0,0,3.3075,0.2625,-0.9625,-0.013054,0.541192,-0.853634,-0.20384,-0.16226,0.20944
3229.85,0,0,5,5,100,100,-32.2985,1.61567,99.2813,0.00234169,-0.00513179,0.00434294,0,0,3.3425,0.455,-0.9275,-0.009638,0.540582,-0.854488,-0.20384,-0.16226,0.20944
3229.66,0,0,5,5,100,100,-32.2966,1.61658,99.2948,0.000989492,-0.00510394,0.00399117,0,0,3.3075,0.385,-0.8575,-0.01098,0.540582,-0.854854,-0.20384,-0.16226,0.20944
3229.84,0,0,5,5,100,100,-32.2984,1.61544,99.3102,-0.00105588,-0.0040316,0.00766335,0,0,3.4475,0.0875,-0.8925,-0.013054,0.54168,-0.851194,-0.20384,-0.16226,0.20944
3229.93,0,0,5,5,100,100,-32.2993,1.61556,99.3251,0.000521319,-0.00502187,0.00802375,0,0,3.5175,0.0175,-0.9625,-0.011468,0.540704,-0.850828,-0.20384,-0.16226,0.20944
3229.74,0,0,5,5,100,100,-32.2974,1.61571,99.3386,0.00064024,-0.00621525,0.00668886,0,0,3.6925,0.105,-1.015,-0.011346,0.539484,-0.85217,-0.20384,-0.16226,0.20944
3229.73,0,0,5,5,100,100,-32.2973,1.61676,99.3528,0.0017154,-0.00547989,0.00742758,0,0,3.605,-0.0175,-1.0325,-0.010248,0.540216,-0.851438,-0.20384,-0.16226,0.20944
3229.54,0,0,5,5,100,100,-32.2954,1.61605,99.3633,-0.000216146,-0.00362033,0.00228164,0,0,3.5175,0.1575,-0.9975,-0.0122,0.542046,-0.856562,-0.20664,-0.16478,0.2114
3229.47,0,0,5,5,100,100,-32.2947,1.61464,99.3742,-0.00140628,-0.00434352,0.00523927,0,0,3.5525,0.245,-0.8925,-0.01342,0.541314,-0.853634,-0.20664,-0.16478,0.2114
3229.89,0,0,5,5,100,100,-32.2989,1.61395,99.3874,-0.00127282,-0.00477176,0.0118398,0,0,3.4125,0.28,-0.7525,-0.013298,0.540948,-0.847046,-0.20664,-0.16478,0.2114
3229.97,0,0,5,5,100,100,-32.2997,1.6125,99.3992,-0.00161197,-0.00429505,0.00679229,0,0,3.43,0.1225,-0.6475,-0.013664,0.541436,-0.852048,-0.20664,-0.16478,0.2114
3230.52,0,0,5,5,100,100,-32.3052,1.60658,99.4175,0.000435106,-0.00401157,0.0127678,0,0,3.605,-4.4275,-0.7875,-0.011712,0.541802,-0.84607,-0.20664,-0.16478,0.2114
3230.43,0,0,5,5,100,100,-32.3043,1.60607,99.4283,-0.000284975,-0.00583082,0.00736635,0,0,3.6225,0.0875,-0.84,-0.012444,0.539972,-0.851438,-0.20664,-0.16478,0.2114
3230.24,0,0,5,5,100,100,-32.3024,1.60517,99.4383,-0.000755109,-0.0031165,0.00172865,0,0,3.5875,0.2625,-0.84,-0.012932,0.542656,-0.85705,-0.20664,-0.16478,0.2114
3230.45,0,0,5,5,100,100,-32.3045,1.60517,99.4499,9.51985e-05,-0.00436871,0.0081024,0,0,3.3075,0.1225,-0.875,-0.012078,0.541436,-0.850706,-0.20664,-0.16478,0.2114
3230.01,0,0,5,5,100,100,-32.3001,1.60377,99.452,-0.000730807,-0.00662358,0.0032267,0,0,3.29,0,-0.8575,-0.012932,0.539118,-0.855586,-0.2037,-0.15988,0.19866
3230.28,0,0,5,5,100,100,-32.3028,1.60648,99.4578,0.00310946,-0.00238823,0.0056594,0,0,3.4125,0.07,-0.8225,-0.009028,0.543388,-0.853146,-0.2037,-0.15988,0.19866
3229.71,0,0,5,5,100,100,-32.2971,1.6058,99.4592,0.000205703,-0.00633537,0.00116319,0,0,3.3075,0.0175,-0.91,-0.011956,0.539362,-0.85766,-0.2037,-0.15988,0.19866
3229.71,0,0,5,5,100,100,-32.2971,1.60531,99.4631,-0.000514657,-0.00389314,0.00522058,0,0,3.5175,0.2975,-0.8925,-0.012688,0.541802,-0.853634,-0.2037,-0.15988,0.19866
3229.45,0,0,5,5,100,100,-32.2945,1.60468,99.4657,-0.000260585,-0.00422015,0.00254097,0,0,3.6575,0.245,-0.9975,-0.012444,0.541436,-0.856318,-0.2037,-0.15988,0.19866
3229.65,0,0,5,5,100,100,-32.2965,1.60604,99.4708,0.00178084,-0.003884,0.00780786,0,0,3.605,0.07,-1.015,-0.01037,0.541802,-0.851072,-0.2037,-0.15988,0.19866
3229.67,0,0,5,5,100,100,-32.2967,1.60735,99.4751,0.00187947,-0.0048634,0.0070679,0,0,3.675,0.035,-0.9975,-0.010248,0.540826,-0.851804,-0.2037,-0.15988,0.19866
3229.62,0,0,5,5,100,100,-32.2962,1.60742,99.4789,0.000177502,-0.00522239,0.00682664,0,0,3.6225,0.21,-0.875,-0.011956,0.54046,-0.852048,-0.2037,-0.15988,0.19866
3229.14,0,0,5,5,100,100,-32.2914,1.60508,99.4806,-0.00196853,-0.00551776,0.00207787,0,0,3.6925,0.105,-0.7875,-0.014152,0.540094,-0.856806,-0.2051,-0.16366,0.20146
3229.18,0,0,5,5,100,100,-32.2918,1.60459,99.4848,-0.000502055,-0.00454792,0.00736041,0,0,3.7275,0.1575,-0.805,-0.012688,0.54107,-0.85156,-0.2051,-0.16366,0.20146
3229.31,0,0,5,5,100,100,-32.2931,1.60281,99.4891,-0.00205029,-0.00359068,0.007226,0,0,3.78,0.245,-0.84,-0.014274,0.542046,-0.851682,-0.2051,-0.16366,0.20146
3229.28,0,0,5,5,100,100,-32.2928,1.60388,99.4923,0.00145414,-0.00407343,0.00477005,0,0,3.5175,0.2625,-1.0675,-0.010736,0.541558,-0.854122,-0.2051,-0.16366,0.20146
3228.74,0,0,5,5,100,100,-32.2874,1.60461,99.4932,0.00144137,-0.00570408,0.000885275,0,0,3.5175,0.2625,-1.015,-0.010736,0.53985,-0.858026,-0.2051,-0.16366,0.20146
3228.8,0,0,5,5,100,100,-32.288,1.60546,99.497,0.00094063,-0.00449172,0.00653479,0,0,3.4125,0.245,-0.875,-0.011224,0.54107,-0.852414,-0.2051,-0.16366,0.20146
3228.09,0,0,5,5,100,100,-32.2809,1.60474,99.4968,-0.000383221,-0.00756187,0.00131485,0,0,3.3425,0.3675,-0.84,-0.012566,0.537898,-0.85766,-0.2051,-0.16366,0.20146
3227.91,0,0,5,5,100,100,-32.2791,1.60555,99.4995,0.00130343,-0.00729088,0.00772459,0,0,3.3775,0.0175,-0.8225,-0.010858,0.538142,-0.851316,-0.2051,-0.16366,0.20146
3228.21,0,0,5,5,100,100,-32.2821,1.60692,99.5046,0.00164403,-0.006113,0.0118766,0,0,3.3425,-0.07,-0.8225,-0.010492,0.539362,-0.847168,-0.2051,-0.16366,0.20146
3228.17,0,0,5,5,100,100,-32.2817,1.60563,99.5096,-0.000763179,-0.00561973,0.00720835,0,0,3.3775,-0.1225,-0.875,-0.012932,0.53985,-0.851804,-0.203,-0.16562,0.20062
3228.61,0,0,5,5,100,100,-32.2861,1.60896,99.517,0.00367361,-0.00507243,0.0118384,0,0,3.3775,-0.035,-0.8575,-0.008418,0.54046,-0.847168,-0.203,-0.16562,0.20062
3228.75,0,0,5,5,100,100,-32.2875,1.60957,99.5225,0.000625816,-0.00509273,0.00862861,0,0,3.465,0.2275,-0.91,-0.011468,0.54046,-0.85034,-0.203,-0.16562,0.20062
3228.75,0,0,5,5,100,100,-32.2875,1.60901,99.5272,-0.000579244,-0.00338444,0.00457069,0,0,3.535,0.3325,-0.945,-0.012688,0.542168,-0.854366,-0.203,-0.16562,0.20062
3228.77,0,0,5,5,100,100,-32.2877,1.60908,99.5322,0.000270019,-0.00460754,0.00641373,0,0,3.5175,0.1225,-0.84,-0.011834,0.540948,-0.852536,-0.203,-0.16562,0.20062
3228.66,0,0,5,5,100,100,-32.2866,1.61016,99.5367,0.00158741,-0.00410216,0.00371889,0,0,3.465,0.0875,-0.8225,-0.010492,0.541436,-0.85522,-0.203,-0.16562,0.20062
3228.98,0,0,5,5,100,100,-32.2898,1.61077,99.5429,0.000726444,-0.00390607,0.008729,0,0,3.2725,0.105,-0.91,-0.011346,0.54168,-0.850218,-0.203,-0.16562,0.20062
3229.07,0,0,5,5,100,100,-32.2907,1.60865,99.5478,-0.00215219,-0.0048964,0.00786117,0,0,3.4125,0.1575,-0.9275,-0.014274,0.540704,-0.851072,-0.203,-0.16562,0.20062
3229.06,0,0,5,5,100,100,-32.2906,1.60815,99.5458,-0.000321294,-0.00379637,0.00491126,0,0,3.5,0.14,-0.8225,-0.012444,0.541802,-0.854,-0.20664,-0.16618,0.19866
3229.12,0,0,5,5,100,100,-32.2912,1.6081,99.544,-0.000320264,-0.00661393,0.00994671,0,0,3.395,0.315,-0.8225,-0.012444,0.538996,-0.848998,-0.20664,-0.16618,0.19866
3229.14,0,0,5,5,100,100,-32.2914,1.60795,99.5422,-0.000317752,-0.00661729,0.00994467,0,0,3.5875,0.245,-0.805,-0.012444,0.538996,-0.848998,-0.20664,-0.16618,0.19866
3229.11,0,0,5,5,100,100,-32.2911,1.61196,99.5407,0.00447183,-0.00478004,0.00613433,0,0,3.71,0.175,-0.8225,-0.007564,0.540826,-0.85278,-0.20664,-0.16618,0.19866
3229.1,0,0,5,5,100,100,-32.291,1.6158,99.5392,0.00440481,-0.00477706,0.00613398,0,0,3.6225,0.14,-0.875,-0.007564,0.540826,-0.85278,-0.20664,-0.16618,0.19866
3229.27,0,0,5,5,100,100,-32.2927,1.61561,99.5382,-8.69539e-05,-0.00358079,0.00710188,0,0,3.6225,0.1225,-0.875,-0.012078,0.542046,-0.851804,-0.20664,-0.16618,0.19866
3229.45,0,0,5,5,100,100,-32.2945,1.61522,99.5374,-8.00665e-05,-0.00360746,0.00708525,0,0,3.535,-0.035,-0.8575,-0.012078,0.542046,-0.851804,-0.20664,-0.16618,0.19866
3229.31,0,0,5,5,100,100,-32.2931,1.61806,99.5355,0.00363646,-0.00602855,0.00611356,0,0,3.43,-0.0525,-0.805,-0.008296,0.539606,-0.85278,-0.20664,-0.16618,0.19866
3228.97,0,0,5,5,100,100,-32.2897,1.6172,99.5309,-0.000236101,-0.00610058,0.00442444,0,0,3.5875,0.07,-0.9975,-0.0122,0.539484,-0.854488,-0.2079,-0.1673,0.1995
3228.88,0,0,5,5,100,100,-32.2888,1.61616,99.5276,-0.000703911,-0.00559997,0.00689167,0,0,3.535,0.035,-0.8925,-0.012688,0.539972,-0.852048,-0.2079,-0.1673,0.1995
3228.82,0,0,5,5,100,100,-32.2882,1.6179,99.5247,0.001817,-0.00436929,0.00517532,0,0,3.6225,0.2625,-0.7175,-0.010126,0.541192,-0.853756,-0.2079,-0.1673,0.1995
3228.7,0,0,5,5,100,100,-32.287,1.61752,99.5214,-0.000241665,-0.00618241,0.00740048,0,0,3.6225,0.14,-0.805,-0.0122,0.539362,-0.85156,-0.2079,-0.1673,0.1995
3228.64,0,0,5,5,100,100,-32.2864,1.61802,99.5184,0.00108595,-0.00556341,0.00691369,0,0,3.5,0,-0.9625,-0.010858,0.539972,-0.852048,-0.2079,-0.1673,0.1995
3228.54,0,0,5,5,100,100,-32.2854,1.61654,99.5147,-0.00107497,-0.00567133,0.00643173,0,0,3.36,0.07,-1.015,-0.013054,0.53985,-0.852536,-0.2079,-0.1673,0.1995
3228.43,0,0,5,5,100,100,-32.2843,1.61474,99.5109,-0.00189409,-0.00602245,0.00693421,0,0,3.3425,0.2975,-0.91,-0.013908,0.539484,-0.852048,-0.2079,-0.1673,0.1995
3228.55,0,0,5,5,100,100,-32.2855,1.61309,99.5083,-0.00174366,-0.0045739,0.00766214,0,0,3.43,0.175,-0.875,-0.013786,0.540948,-0.851316,-0.2079,-0.1673,0.1995
3228.55,0,0,5,5,100,100,-32.2855,1.61247,99.5154,-0.000396592,-0.00384217,0.00520288,0,0,3.5175,0.07,-0.7875,-0.012444,0.54168,-0.853756,-0.20538,-0.16632,0.20636
3228.42,0,0,5,5,100,100,-32.2842,1.6088,99.5213,-0.00361273,-0.00321295,0.00275778,0,0,3.5,0.14,-0.8575,-0.015738,0.54229,-0.856196,-0.20538,-0.16632,0.20636
3228.56,0,0,5,5,100,100,-32.2856,1.60882,99.5285,0.000153085,-0.00384496,0.00704746,0,0,3.57,0.21,-1.015,-0.011956,0.54168,-0.851926,-0.20538,-0.16632,0.20636
3228.6,0,0,5,5,100,100,-32.286,1.6068,99.535,-0.00211998,-0.00421684,0.00643042,0,0,3.5525,0.28,-0.98,-0.014274,0.541314,-0.852536,-0.20538,-0.16632,0.20636
3228.49,0,0,5,5,100,100,-32.2849,1.60609,99.5409,-0.000406755,-0.00517859,0.00631752,0,0,3.71,0.1925,-1.0675,-0.012566,0.540338,-0.852658,-0.20538,-0.16632,0.20636
3228.4,0,0,5,5,100,100,-32.284,1.60423,99.5468,-0.00183213,-0.00516522,0.00669589,0,0,3.745,0.245,-0.9975,-0.01403,0.540338,-0.852292,-0.20538,-0.16632,0.20636
3228.58,0,0,5,5,100,100,-32.2858,1.60388,99.5541,-0.000246723,-0.0039705,0.00778585,0,0,3.5875,0.14,-0.945,-0.012444,0.541558,-0.851194,-0.20538,-0.16632,0.20636
3228.47,0,0,5,5,100,100,-32.2847,1.60441,99.5599,0.000594514,-0.00493175,0.00521359,0,0,3.465,0.315,-0.8575,-0.01159,0.540582,-0.853756,-0.20538,-0.16632,0.20636
3228.43,0,0,5,5,100,100,-32.2843,1.60319,99.5658,-0.00120651,-0.00541428,0.0068164,0,0,3.3775,0.1925,-0.84,-0.01342,0.540094,-0.85217,-0.20538,-0.16632,0.20636
3228.24,0,0,5,5,100,100,-32.2824,1.60112,99.5667,-0.00214226,-0.00526475,0.00474479,0,0,3.36,0.28,-0.8225,-0.014396,0.540216,-0.854244,-0.20496,-0.1659,0.2009
3228.14,0,0,5,5,100,100,-32.2814,1.59975,99.5678,-0.00138955,-0.00671504,0.00795186,0,0,3.325,0.245,-0.8925,-0.013664,0.538752,-0.851072,-0.20496,-0.1659,0.2009
3228.41,0,0,5,5,100,100,-32.2841,1.5997,99.5713,6.9209e-05,-0.00419122,0.00854083,0,0,3.2375,-0.0175,-0.735,-0.0122,0.541314,-0.850462,-0.20496,-0.1659,0.2009
3228.5,0,0,5,5,100,100,-32.285,1.59855,99.5736,-0.00112556,-0.0057928,0.00890153,0,0,3.2725,0.105,-0.84,-0.01342,0.539728,-0.850096,-0.20496,-0.1659,0.2009
3228.91,0,0,5,5,100,100,-32.2891,1.59741,99.5771,-0.00110569,-0.00328882,0.00910974,0,0,3.3075,0.105,-1.0325,-0.01342,0.54229,-0.849852,-0.20496,-0.1659,0.2009
3229.3,0,0,5,5,100,100,-32.293,1.59886,99.5808,0.00129866,-0.0051772,0.0114092,0,0,3.2725,0.1925,-0.8225,-0.01098,0.54046,-0.847534,-0.20496,-0.1659,0.2009
3229.58,0,0,5,5,100,100,-32.2958,1.59866,99.5841,-0.000520169,-0.00363116,0.00830934,0,0,3.465,0.2975,-0.8225,-0.01281,0.542046,-0.850584,-0.20496,-0.1659,0.2009
3229.69,0,0,5,5,100,100,-32.2969,1.60087,99.5866,0.00247855,-0.00535623,0.00891315,0,0,3.675,0.245,-1.0675,-0.00976,0.540338,-0.849974,-0.20496,-0.1659,0.2009
3229.89,0,0,5,5,100,100,-32.2989,1.60346,99.5898,0.00291923,-0.0047747,0.0087703,0,0,3.5,0.14,-0.945,-0.009272,0.540948,-0.850096,-0.20664,-0.16002,0.20216
3229.76,0,0,5,5,100,100,-32.2976,1.6028,99.5911,-0.000592388,-0.00438908,0.00447965,0,0,3.605,0.3325,-0.9625,-0.01281,0.541314,-0.854366,-0.20664,-0.16002,0.20216
3229.53,0,0,5,5,100,100,-32.2953,1.60379,99.592,0.00121272,-0.00569893,0.00511502,0,0,3.605,0.3325,-0.945,-0.01098,0.539972,-0.853756,-0.20664,-0.16002,0.20216
3229.48,0,0,5,5,100,100,-32.2948,1.60494,99.5939,0.00155705,-0.00507972,0.00610336,0,0,3.5175,0.1575,-0.945,-0.010614,0.540582,-0.85278,-0.20664,-0.16002,0.20216
3229.23,0,0,5,5,100,100,-32.2923,1.60503,99.5949,0.000583548,-0.00479954,0.00366705,0,0,3.6575,0.14,-0.9275,-0.01159,0.540826,-0.85522,-0.20664,-0.16002,0.20216
3229.22,0,0,5,5,100,100,-32.2922,1.60687,99.5973,0.00200934,-0.00491923,0.00674123,0,0,3.675,0.1575,-0.7175,-0.010126,0.540704,-0.85217,-0.20664,-0.16002,0.20216
3229.42,0,0,5,5,100,100,-32.2942,1.60664,99.6003,-0.000537832,-0.00384973,0.00770622,0,0,3.5,0.28,-0.7525,-0.012688,0.541802,-0.851194,-0.20664,-0.16002,0.20216
3229.29,0,0,5,5,100,100,-32.2929,1.60668,99.6019,0.000311852,-0.00468558,0.00476747,0,0,3.5525,0.14,-0.805,-0.011834,0.540948,-0.854122,-0.20664,-0.16002,0.20216
3229.21,0,0,5,5,100,100,-32.2921,1.60568,99.5944,-0.000642653,-0.0035748,0.00379181,0,0,3.57,0.0525,-0.84,-0.01281,0.542046,-0.855098,-0.20902,-0.15694,0.19488
3229.27,0,0,5,5,100,100,-32.2927,1.60337,99.5875,-0.00206001,-0.00395026,0.00636934,0,0,3.5875,0,-0.945,-0.014274,0.54168,-0.852536,-0.20902,-0.15694,0.19488
3229.25,0,0,5,5,100,100,-32.2925,1.60362,99.5803,0.000851138,-0.00443601,0.00514144,0,0,3.29,0,-0.9275,-0.011346,0.541192,-0.853756,-0.20902,-0.15694,0.19488
3229.03,0,0,5,5,100,100,-32.2903,1.60191,99.5722,-0.000941263,-0.00489268,0.00368717,0,0,3.395,-0.1225,-0.945,-0.013176,0.540704,-0.85522,-0.20902,-0.15694,0.19488
3228.91,0,0,5,5,100,100,-32.2891,1.59895,99.5644,-0.00246887,-0.00402069,0.00394559,0,0,3.4825,-0.035,-0.9975,-0.014762,0.541558,-0.854976,-0.20902,-0.15694,0.19488
3228.91,0,0,5,5,100,100,-32.2891,1.59911,99.5577,0.000443924,-0.00548579,0.00738831,0,0,3.43,0.0175,-0.7525,-0.011834,0.540094,-0.85156,-0.20902,-0.15694,0.19488
3229,0,0,5,5,100,100,-32.29,1.59913,99.5516,0.000322124,-0.00366676,0.00590479,0,0,3.5175,0,-0.77,-0.011956,0.541924,-0.853024,-0.20902,-0.15694,0.19488
3228.9,0,0,5,5,100,100,-32.289,1.60033,99.5446,0.00175905,-0.00475162,0.00505248,0,0,3.5,0.035,-0.84,-0.010492,0.540826,-0.853878,-0.20902,-0.15694,0.19488
3229.29,0,0,5,5,100,100,-32.2929,1.60101,99.5398,0.000896678,-0.00529782,0.0117778,0,0,3.2725,-0.0525,-0.875,-0.011346,0.540338,-0.847168,-0.20902,-0.15694,0.19488
3229.9,0,0,5,5,100,100,-32.299,1.60338,99.546,0.00255622,-0.00355526,0.0114741,0,0,3.2025,-0.07,-0.7875,-0.009638,0.542168,-0.847412,-0.20594,-0.16142,0.20188
3229.76,0,0,5,5,100,100,-32.2976,1.60389,99.5483,0.000846485,-0.00512226,0.0048476,0,0,3.3775,0.14,-0.805,-0.011346,0.540582,-0.854,-0.20594,-0.16142,0.20188
3229.68,0,0,5,5,100,100,-32.2968,1.6066,99.5508,0.00322897,-0.00376576,0.00301009,0,0,3.325,0.21,-0.8575,-0.008906,0.541924,-0.85583,-0.20594,-0.16142,0.20188
3229.77,0,0,5,5,100,100,-32.2977,1.60593,99.5536,-0.00052553,-0.00402303,0.00619891,0,0,3.3775,0.245,-1.05,-0.012688,0.54168,-0.852658,-0.20594,-0.16142,0.20188
3229.34,0,0,5,5,100,100,-32.2934,1.60369,99.5539,-0.00182274,-0.00408309,-0.000153886,0,0,3.4125,0.245,-0.9975,-0.01403,0.541558,-0.859002,-0.20594,-0.16142,0.20188
3229.45,0,0,5,5,100,100,-32.2945,1.60249,99.5571,-0.000951321,-0.00324465,0.00573794,0,0,3.5525,0.0875,-0.98,-0.013176,0.542412,-0.853146,-0.20594,-0.16142,0.20188
3229,0,0,5,5,100,100,-32.29,1.60111,99.5575,-0.000805793,-0.00403285,-0.000612442,0,0,3.465,0.175,-0.9275,-0.013054,0.541558,-0.85949,-0.20594,-0.16142,0.20188
3228.82,0,0,5,5,100,100,-32.2882,1.60169,99.5595,0.00124926,-0.00559472,0.00555093,0,0,3.57,0.035,-0.98,-0.01098,0.539972,-0.85339,-0.20594,-0.16142,0.20188
3228.59,0,0,5,5,100,100,-32.2859,1.6035,99.5578,0.00255406,-0.00617,0.00557223,0,0,3.605,0.14,-1.085,-0.009638,0.539362,-0.85339,-0.20678,-0.15792,0.1988
3228.73,0,0,5,5,100,100,-32.2873,1.6036,99.5576,0.000122633,-0.00448116,0.00777202,0,0,3.465,0.28,-1.015,-0.012078,0.54107,-0.851194,-0.20678,-0.15792,0.1988
3229.24,0,0,5,5,100,100,-32.2924,1.60426,99.5596,0.000232579,-0.00418933,0.0121507,0,0,3.5175,0.2625,-0.84,-0.011956,0.541436,-0.846802,-0.20678,-0.15792,0.1988
3229.32,0,0,5,5,100,100,-32.2932,1.60382,99.5594,-0.000488635,-0.00298052,0.00488909,0,0,3.535,0.28,-0.875,-0.012688,0.542656,-0.854,-0.20678,-0.15792,0.1988
3229.22,0,0,5,5,100,100,-32.2922,1.60432,99.5585,0.000838923,-0.00455408,0.00477476,0,0,3.4825,0.175,-0.8925,-0.011346,0.54107,-0.854122,-0.20678,-0.15792,0.1988
3229.27,0,0,5,5,100,100,-32.2927,1.60346,99.5583,-0.000725377,-0.00541625,0.00833616,0,0,3.5525,0.105,-0.91,-0.012932,0.540216,-0.850584,-0.20678,-0.15792,0.1988
3229.3,0,0,5,5,100,100,-32.293,1.60408,99.5581,0.000721695,-0.00712964,0.0106695,0,0,3.5875,0.14,-0.875,-0.011468,0.538508,-0.848266,-0.20678,-0.15792,0.1988
3229.35,0,0,5,5,100,100,-32.2935,1.60511,99.5577,0.00131114,-0.00518274,0.00709893,0,0,3.2725,0.175,-0.9275,-0.010858,0.54046,-0.851804,-0.20678,-0.15792,0.1988
3229.23,0,0,5,5,100,100,-32.2923,1.60542,99.5581,0.000455295,-0.00614154,0.00649552,0,0,3.29,0.28,-0.91,-0.011712,0.539484,-0.852414,-0.20524,-0.1582,0.19852
3229.23,0,0,5,5,100,100,-32.2923,1.60589,99.5591,0.00020411,-0.00394311,0.00514291,0,0,3.5,0.5075,-0.8925,-0.011956,0.54168,-0.853756,-0.20524,-0.1582,0.19852
3229.96,0,0,5,5,100,100,-32.2996,1.60754,99.5638,0.00102581,-0.00270748,0.0125737,0,0,3.4825,0.35,-0.84,-0.011102,0.543022,-0.846314,-0.20524,-0.1582,0.19852
3229.96,0,0,5,5,100,100,-32.2996,1.60648,99.5651,-0.000777986,-0.00392983,0.00507377,0,0,3.395,0.07,-0.875,-0.012932,0.541802,-0.853756,-0.20524,-0.1582,0.19852
3230.31,0,0,5,5,100,100,-32.3031,1.60742,99.5682,0.000906324,-0.00459157,0.0104506,0,0,3.43,0.14,-0.8575,-0.011224,0.541192,-0.848388,-0.20524,-0.1582,0.19852
3230.08,0,0,5,5,100,100,-32.3008,1.60849,99.5684,0.00149517,-0.00565544,0.00420196,0,0,3.325,0.175,-0.8225,-0.010614,0.540094,-0.85461,-0.20524,-0.1582,0.19852
3230.07,0,0,5,5,100,100,-32.3007,1.60909,99.5696,0.00087731,-0.00321222,0.00371024,0,0,3.43,0.21,-0.8925,-0.011224,0.542534,-0.855098,-0.20524,-0.1582,0.19852
3230.07,0,0,5,5,100,100,-32.3007,1.60972,99.5708,0.000866321,-0.003212,0.00371002,0,0,3.4125,0.2275,-0.875,-0.011224,0.542534,-0.855098,-0.20524,-0.1582,0.19852
3230.05,0,0,5,5,100,100,-32.3005,1.60854,99.5653,-0.00129982,-0.00406446,0.00506467,0,0,3.4125,0.2975,-0.84,-0.01342,0.54168,-0.853756,-0.20664,-0.15988,0.1939
3230.06,0,0,5,5,100,100,-32.3006,1.60735,99.5599,-0.0012791,-0.00406535,0.0050648,0,0,3.29,0.28,-0.84,-0.01342,0.54168,-0.853756,-0.20664,-0.15988,0.1939
3229.6,0,0,5,5,100,100,-32.296,1.6064,99.5526,-0.00041213,-0.00485333,0.000312652,0,0,3.325,0.1575,-0.84,-0.012566,0.540826,-0.858514,-0.20664,-0.15988,0.1939
3229.21,0,0,5,5,100,100,-32.2921,1.60524,99.5456,-0.000391891,-0.00479535,0.000349969,0,0,3.045,-0.07,-0.735,-0.012566,0.540826,-0.858514,-0.20664,-0.15988,0.1939
3229.13,0,0,5,5,100,100,-32.2913,1.60227,99.5401,-0.00252679,-0.0045405,0.00453863,0,0,3.1325,-0.1225,-0.8225,-0.014762,0.54107,-0.854366,-0.20664,-0.15988,0.1939
3228.97,0,0,5,5,100,100,-32.2897,1.59907,99.5343,-0.00247094,-0.0045175,0.00455501,0,0,3.6225,-0.1925,-1.015,-0.014762,0.54107,-0.854366,-0.20664,-0.15988,0.1939
3228.95,0,0,5,5,100,100,-32.2895,1.59962,99.5296,0.00140697,-0.00353786,0.0046793,0,0,3.71,-0.105,-1.015,-0.010858,0.542046,-0.854244,-0.20664,-0.15988,0.1939
3228.93,0,0,5,5,100,100,-32.2893,1.60171,99.525,0.0029498,-0.00475618,0.00627829,0,0,3.64,-0.07,-0.98,-0.009272,0.540826,-0.852658,-0.20664,-0.15988,0.1939
3228.99,0,0,5,5,100,100,-32.2899,1.60398,99.5208,0.00278867,-0.00537439,0.00787052,0,0,3.5,0.035,-0.875,-0.009394,0.540216,-0.851072,-0.20664,-0.15988,0.1939
3229.33,0,0,5,5,100,100,-32.2933,1.60348,99.5172,-0.000725663,-0.00237087,0.00697879,0,0,3.43,0.2625,-0.875,-0.012932,0.543266,-0.851926,-0.20804,-0.15932,0.19572
3230.06,0,0,5,5,100,100,-32.3006,1.60366,99.5155,-0.000242895,-0.00394431,0.0144103,0,0,3.395,0.2275,-1.015,-0.012444,0.541802,-0.844484,-0.20804,-0.15932,0.19572
3230.16,0,0,5,5,100,100,-32.3016,1.60472,99.5115,0.00119641,-0.00481446,0.0076379,0,0,3.43,0.14,-0.7875,-0.01098,0.540948,-0.851194,-0.20804,-0.15932,0.19572
3230.49,0,0,5,5,100,100,-32.3049,1.60579,99.5083,0.000570291,-0.0046188,0.0103114,0,0,3.43,0.4025,-0.7875,-0.01159,0.541192,-0.84851,-0.20804,-0.15932,0.19572
3230.54,0,0,5,5,100,100,-32.3054,1.6052,99.504,-0.000391204,-0.00523571,0.00760294,0,0,3.4125,0.035,-0.805,-0.012566,0.540582,-0.851194,-0.20804,-0.15932,0.19572
3230.41,0,0,5,5,100,100,-32.3041,1.60374,99.4988,-0.00109463,-0.00472911,0.00466445,0,0,3.395,0.035,-0.8575,-0.013298,0.54107,-0.854122,-0.20804,-0.15932,0.19572
3230.56,0,0,5,5,100,100,-32.3056,1.60366,99.4949,0.000243098,-0.00548402,0.00919959,0,0,3.36,0.035,-0.98,-0.011956,0.540338,-0.849608,-0.20804,-0.15932,0.19572
3230.25,0,0,5,5,100,100,-32.3025,1.60358,99.4889,0.000487391,-0.00629273,0.00480268,0,0,3.5175,0.105,-0.945,-0.011712,0.539484,-0.854,-0.20804,-0.15932,0.19572
3230.17,0,0,5,5,100,100,-32.3017,1.60432,99.483,0.00120352,-0.00481594,0.00530118,0,0,3.43,0.035,-0.805,-0.01098,0.540948,-0.853512,-0.2093,-0.16282,0.19684
3230.3,0,0,5,5,100,100,-32.303,1.60461,99.4781,0.000712368,-0.00398043,0.00639529,0,0,3.29,-0.0525,-0.7875,-0.011468,0.541802,-0.852414,-0.2093,-0.16282,0.19684
3230.32,0,0,5,5,100,100,-32.3032,1.60495,99.4728,0.000828074,-0.00422759,0.00590147,0,0,3.535,-0.035,-0.84,-0.011346,0.541558,-0.852902,-0.2093,-0.16282,0.19684
3230.09,0,0,5,5,100,100,-32.3009,1.6048,99.4662,0.000709158,-0.00517001,0.0038333,0,0,3.43,-0.105,-0.91,-0.011468,0.540582,-0.854976,-0.2093,-0.16282,0.19684
3230.13,0,0,5,5,100,100,-32.3013,1.60317,99.4607,-0.0014492,-0.00651987,0.00960873,0,0,3.36,0,-0.875,-0.013664,0.53924,-0.849242,-0.2093,-0.16282,0.19684
3230.21,0,0,5,5,100,100,-32.3021,1.60422,99.4555,0.00132674,-0.00469899,0.00652745,0,0,3.2025,0.14,-0.8575,-0.010858,0.54107,-0.852292,-0.2093,-0.16282,0.19684
3230.14,0,0,5,5,100,100,-32.3014,1.60343,99.449,-0.000967796,-0.0052999,0.00616521,0,0,3.3425,0.4375,-0.9625,-0.013176,0.54046,-0.852658,-0.2093,-0.16282,0.19684
3230.08,0,0,5,5,100,100,-32.3008,1.60361,99.443,0.000122401,-0.00553588,0.00666212,0,0,3.3775,0.3675,-0.91,-0.012078,0.540216,-0.85217,-0.2093,-0.16282,0.19684
3230.11,0,0,5,5,100,100,-32.3011,1.6043,99.4323,0.000839389,-0.00639414,0.00911857,0,0,3.43,0.1575,-0.875,-0.011346,0.539362,-0.84973,-0.21126,-0.16086,0.19334
3230.19,0,0,5,5,100,100,-32.3019,1.60394,99.422,-0.000126279,-0.00384094,0.00566897,0,0,3.3425,0.0875,-0.84,-0.012322,0.541924,-0.853146,-0.21126,-0.16086,0.19334
3230.06,0,0,5,5,100,100,-32.3006,1.60497,99.411,0.00107061,-0.00443256,0.00420501,0,0,3.5,0.28,-0.6825,-0.011102,0.541314,-0.85461,-0.21126,-0.16086,0.19334
3230.25,0,0,5,5,100,100,-32.3025,1.60599,99.4016,0.000566917,-0.00446071,0.00836688,0,0,3.465,0.3675,-0.6475,-0.01159,0.541314,-0.850462,-0.21126,-0.16086,0.19334
3230.28,0,0,5,5,100,100,-32.3028,1.60471,99.3913,-0.00111163,-0.00446603,0.00590528,0,0,3.22,0.035,-0.7525,-0.013298,0.541314,-0.852902,-0.21126,-0.16086,0.19334
3230.08,0,0,5,5,100,100,-32.3008,1.60567,99.3799,0.00142278,-0.00687782,0.0067848,0,0,3.4125,0.1575,-0.945,-0.010736,0.538874,-0.852048,-0.21126,-0.16086,0.19334
3229.74,0,0,5,5,100,100,-32.2974,1.60353,99.3677,-0.00194139,-0.00646238,0.00460398,0,0,3.3425,0.1925,-0.8925,-0.014152,0.53924,-0.854244,-0.21126,-0.16086,0.19334
3229.92,0,0,5,5,100,100,-32.2992,1.60247,99.3583,-0.00107247,-0.00380252,0.00655475,0,0,3.1325,0.0875,-0.735,-0.013298,0.541924,-0.852292,-0.21126,-0.16086,0.19334
3230.06,0,0,5,5,100,100,-32.3006,1.59898,99.3484,-0.00417026,-0.0050447,0.00875661,0,0,3.36,0.3675,-0.805,-0.01647,0.540704,-0.850096,-0.21126,-0.16086,0.19334
3230.39,0,0,5,5,100,100,-32.3039,1.60062,99.3412,0.00126795,-0.00387225,0.00884775,0,0,3.325,0.385,-0.77,-0.01098,0.541924,-0.849974,-0.20804,-0.16296,0.19054
3230.28,0,0,5,5,100,100,-32.3028,1.60238,99.3318,0.00172321,-0.00556459,0.00529225,0,0,3.1675,0.42,-0.77,-0.010492,0.540216,-0.853512,-0.20804,-0.16296,0.19054
3230.02,0,0,5,5,100,100,-32.3002,1.60167,99.3219,-0.000572693,-0.00601597,0.00507024,0,0,3.43,0.28,-0.8925,-0.01281,0.539728,-0.853756,-0.20804,-0.16296,0.19054
3230.01,0,0,5,5,100,100,-32.3001,1.60099,99.3131,-0.000682241,-0.00344904,0.00359668,0,0,3.22,0.28,-0.8225,-0.012932,0.54229,-0.85522,-0.20804,-0.16296,0.19054
3229.89,0,0,5,5,100,100,-32.2989,1.60006,99.3037,-0.00103051,-0.00599716,0.00668139,0,0,3.3425,0.35,-0.91,-0.013298,0.539728,-0.85217,-0.20804,-0.16296,0.19054
3229.56,0,0,5,5,100,100,-32.2956,1.59877,99.2936,-0.00100801,-0.00484951,0.00204075,0,0,3.3425,0.245,-0.8925,-0.013298,0.540826,-0.856806,-0.20804,-0.16296,0.19054
3229.68,0,0,5,5,100,100,-32.2968,1.59972,99.2857,0.00116223,-0.004744,0.00731649,0,0,3.29,0.175,-0.91,-0.011102,0.540948,-0.85156,-0.20804,-0.16296,0.19054
3229.4,0,0,5,5,100,100,-32.294,1.59919,99.276,-0.000529397,-0.00543588,0.00353122,0,0,3.3075,0.3675,-0.805,-0.01281,0.540216,-0.855342,-0.20804,-0.16296,0.19054
3229.3,0,0,5,5,100,100,-32.293,1.59899,99.2705,-0.000404388,-0.00529967,0.00636806,0,0,3.605,0.35,-0.77,-0.012688,0.540338,-0.852536,-0.2128,-0.1638,0.2009
3229.01,0,0,5,5,100,100,-32.2901,1.59715,99.264,-0.00158716,-0.00562377,0.00430571,0,0,3.535,0.1575,-0.8925,-0.013908,0.539972,-0.85461,-0.2128,-0.1638,0.2009
3228.94,0,0,5,5,100,100,-32.2894,1.59775,99.2589,0.000710623,-0.00561337,0.0072627,0,0,3.675,0.1925,-0.805,-0.01159,0.539972,-0.851682,-0.2128,-0.1638,0.2009
3228.56,0,0,5,5,100,100,-32.2856,1.59763,99.252,0.000348349,-0.00543435,0.00274963,0,0,3.6225,0.2275,-0.9625,-0.011956,0.540094,-0.856196,-0.2128,-0.1638,0.2009
3228.69,0,0,5,5,100,100,-32.2869,1.59878,99.2474,0.0014216,-0.00337785,0.00531847,0,0,3.255,0.2275,-0.9625,-0.010858,0.542168,-0.853634,-0.2128,-0.1638,0.2009
3229.15,0,0,5,5,100,100,-32.2915,1.59819,99.2444,-0.00051186,-0.0018574,0.00736647,0,0,3.29,0.0875,-0.9625,-0.01281,0.543754,-0.85156,-0.2128,-0.1638,0.2009
3229.51,0,0,5,5,100,100,-32.2951,1.59967,99.2414,0.00177052,-0.00130047,0.0051186,0,0,3.29,0.105,-0.875,-0.010492,0.544364,-0.853756,-0.2128,-0.1638,0.2009
3229.41,0,0,5,5,100,100,-32.2941,1.59919,99.2361,-4.34567e-05,-0.00702558,0.00807902,0,0,3.22,-0.0175,-0.8575,-0.012322,0.53863,-0.850828,-0.2128,-0.1638,0.2009
3229.32,0,0,5,5,100,100,-32.2932,1.59992,99.2419,0.0012802,-0.00578989,0.00624349,0,0,3.3075,-0.035,-0.7875,-0.01098,0.53985,-0.852658,-0.20608,-0.16478,0.20328
3229.11,0,0,5,5,100,100,-32.2911,1.60046,99.2471,0.00114922,-0.00612573,0.00515594,0,0,3.22,-0.035,-0.7525,-0.011102,0.539484,-0.853756,-0.20608,-0.16478,0.20328
3228.99,0,0,5,5,100,100,-32.2899,1.59798,99.252,-0.00245199,-0.00537579,0.00578297,0,0,3.3425,0.1925,-0.91,-0.014762,0.540216,-0.853146,-0.20608,-0.16478,0.20328
3229.07,0,0,5,5,100,100,-32.2907,1.59784,99.2582,-0.000262761,-0.00575387,0.00884937,0,0,3.395,0.2275,-0.805,-0.012566,0.53985,-0.850096,-0.20608,-0.16478,0.20328
3229.02,0,0,5,5,100,100,-32.2902,1.59769,99.264,-1.72063e-05,-0.00464791,0.0056571,0,0,3.4825,0.14,-0.7525,-0.012322,0.540948,-0.853268,-0.20608,-0.16478,0.20328
3228.75,0,0,5,5,100,100,-32.2875,1.59682,99.2684,-0.00073097,-0.00595194,0.00469889,0,0,3.395,0.1925,-0.7525,-0.013054,0.539606,-0.854244,-0.20608,-0.16478,0.20328
3228.66,0,0,5,5,100,100,-32.2866,1.59873,99.2738,0.00263729,-0.00557171,0.00630487,0,0,3.5175,0.035,-0.98,-0.009638,0.539972,-0.852658,-0.20608,-0.16478,0.20328
3228.58,0,0,5,5,100,100,-32.2858,1.60103,99.2792,0.00320461,-0.00299366,0.00250061,0,0,3.64,0.07,-1.05,-0.009028,0.542534,-0.85644,-0.20608,-0.16478,0.20328
3228.55,0,0,5,5,100,100,-32.2855,1.60243,99.2791,0.00196536,-0.00421026,0.00508467,0,0,3.535,0.0875,-0.945,-0.010248,0.541314,-0.853878,-0.21112,-0.1561,0.20244
3228.95,0,0,5,5,100,100,-32.2895,1.60361,99.281,0.00121578,-0.00365936,0.00971828,0,0,3.4125,0.105,-0.84,-0.01098,0.541924,-0.849242,-0.21112,-0.1561,0.20244
3229.18,0,0,5,5,100,100,-32.2918,1.60333,99.2817,-0.000480069,-0.00442629,0.00846736,0,0,3.2725,0.2975,-0.91,-0.012688,0.541192,-0.850462,-0.21112,-0.1561,0.20244
3229.29,0,0,5,5,100,100,-32.2929,1.60412,99.2817,0.00108545,-0.00407461,0.00649044,0,0,3.465,0.2625,-1.12,-0.011102,0.541558,-0.852414,-0.21112,-0.1561,0.20244
3229.33,0,0,5,5,100,100,-32.2933,1.60367,99.2815,-0.000243042,-0.00444763,0.0067324,0,0,3.57,0.2275,-1.085,-0.012444,0.541192,-0.85217,-0.21112,-0.1561,0.20244
3229.3,0,0,5,5,100,100,-32.293,1.60562,99.2816,0.00227415,-0.00639719,0.00882423,0,0,3.6575,0.1575,-0.91,-0.009882,0.53924,-0.850096,-0.21112,-0.1561,0.20244
3229.29,0,0,5,5,100,100,-32.2929,1.60409,99.2815,-0.00134371,-0.00468587,0.00649007,0,0,3.57,0.0875,-0.91,-0.013542,0.540948,-0.852414,-0.21112,-0.1561,0.20244
3229.32,0,0,5,5,100,100,-32.2932,1.60448,99.2817,0.000593279,-0.00591106,0.00857748,0,0,3.5,0.105,-0.8575,-0.01159,0.539728,-0.85034,-0.21112,-0.1561,0.20244
3229.28,0,0,5,5,100,100,-32.2928,1.60592,99.2817,0.00190445,-0.00541634,0.00673635,0,0,3.4825,0.07,-0.8575,-0.010248,0.540216,-0.85217,-0.21112,-0.1561,0.20244
3229.06,0,0,5,5,100,100,-32.2906,1.6026,99.2764,-0.00289715,-0.00257672,0.000610244,0,0,3.535,-0.0175,-0.8575,-0.015128,0.543022,-0.85827,-0.21126,-0.16128,0.19908
3228.89,0,0,5,5,100,100,-32.2889,1.59943,99.2709,-0.0028418,-0.00255242,0.000627432,0,0,3.325,0.0875,-0.9275,-0.015128,0.543022,-0.85827,-0.21126,-0.16128,0.19908
3228.69,0,0,5,5,100,100,-32.2869,1.59852,99.2654,-0.000517687,-0.00240097,-0.000337102,0,0,3.29,0.1925,-0.875,-0.01281,0.543144,-0.859246,-0.21126,-0.16128,0.19908
3228.5,0,0,5,5,100,100,-32.285,1.59739,99.2602,-0.000497972,-0.00237328,-0.000318958,0,0,3.255,0.0175,-0.8575,-0.01281,0.543144,-0.859246,-0.21126,-0.16128,0.19908
3227.88,0,0,5,5,100,100,-32.2788,1.5977,99.253,0.001319,-0.00619004,-1.55636e-05,0,0,3.29,0.0525,-0.9275,-0.01098,0.53924,-0.859002,-0.21126,-0.16128,0.19908
3227.24,0,0,5,5,100,100,-32.2724,1.59824,99.2458,0.00130952,-0.00609539,4.3904e-05,0,0,3.5,0.1925,-0.8925,-0.01098,0.53924,-0.859002,-0.21126,-0.16128,0.19908
3227.33,0,0,5,5,100,100,-32.2733,1.59871,99.2418,0.000450883,-0.00513027,0.00815072,0,0,3.535,0.2975,-0.945,-0.011834,0.540216,-0.85095,-0.21126,-0.16128,0.19908
3227.46,0,0,5,5,100,100,-32.2746,1.59959,99.2382,0.00116441,-0.00331815,0.0055558,0,0,3.3775,0.1575,-0.91,-0.011102,0.542046,-0.853512,-0.21126,-0.16128,0.19908
3227.84,0,0,5,5,100,100,-32.2784,1.59967,99.2359,0.00019121,-0.00398509,0.00970045,0,0,3.29,0.07,-0.945,-0.012078,0.541436,-0.849364,-0.20902,-0.1596,0.19558
3227.9,0,0,5,5,100,100,-32.279,1.60027,99.2322,0.00115264,-0.00387063,0.00539206,0,0,3.395,0.035,-0.9625,-0.011102,0.541558,-0.853634,-0.20902,-0.1596,0.19558
3227.95,0,0,5,5,100,100,-32.2795,1.60018,99.2285,0.000425333,-0.00290208,0.00391138,0,0,3.36,0.035,-0.945,-0.011834,0.542534,-0.855098,-0.20902,-0.1596,0.19558
3227.88,0,0,5,5,100,100,-32.2788,1.59993,99.2245,6.5099e-05,-0.00557828,0.00662308,0,0,3.4125,0.0175,-0.7525,-0.0122,0.53985,-0.852414,-0.20902,-0.1596,0.19558
3228.09,0,0,5,5,100,100,-32.2809,1.6024,99.2222,0.00281627,-0.00438768,0.00820062,0,0,3.43,0.035,-0.77,-0.009394,0.54107,-0.850828,-0.20902,-0.1596,0.19558
3228.2,0,0,5,5,100,100,-32.282,1.60514,99.2188,0.00276847,-0.00623391,0.00966536,0,0,3.43,0.3325,-0.8925,-0.009394,0.53924,-0.849364,-0.20902,-0.1596,0.19558
3228.2,0,0,5,5,100,100,-32.282,1.60554,99.2148,0.000210319,-0.00403673,0.00511534,0,0,3.3775,0.4375,-0.8575,-0.011956,0.541436,-0.853878,-0.20902,-0.1596,0.19558
3228.17,0,0,5,5,100,100,-32.2817,1.60686,99.211,0.00140201,-0.00342069,0.00425735,0,0,3.71,0.3675,-0.8925,-0.010736,0.542046,-0.854732,-0.20902,-0.1596,0.19558
3227.87,0,0,5,5,100,100,-32.2787,1.60639,99.2076,-0.000654895,-0.00496455,0.00342465,0,0,3.6925,0.4375,-0.77,-0.01281,0.54046,-0.855586,-0.2093,-0.1596,0.19782
3227.88,0,0,5,5,100,100,-32.2788,1.60664,99.2058,0.000555477,-0.00423321,0.00563668,0,0,3.465,0.0875,-0.8225,-0.01159,0.541192,-0.85339,-0.2093,-0.1596,0.19782
3227.87,0,0,5,5,100,100,-32.2787,1.60537,99.2038,-0.00100162,-0.00447634,0.00588402,0,0,3.4475,0.035,-0.8575,-0.013176,0.540948,-0.853146,-0.2093,-0.1596,0.19782
3227.97,0,0,5,5,100,100,-32.2797,1.60412,99.2021,-0.000736866,-0.00363611,0.00550663,0,0,3.2725,-0.0525,-0.98,-0.012932,0.541802,-0.853512,-0.2093,-0.1596,0.19782
3228.08,0,0,5,5,100,100,-32.2808,1.60384,99.2005,0.000239879,-0.00377542,0.00598774,0,0,3.325,0.0175,-1.0325,-0.011956,0.54168,-0.853024,-0.2093,-0.1596,0.19782
3228.18,0,0,5,5,100,100,-32.2818,1.60264,99.1989,-0.00107556,-0.00488934,0.00806922,0,0,3.5,0.105,-0.945,-0.013298,0.540582,-0.85095,-0.2093,-0.1596,0.19782
3228.23,0,0,5,5,100,100,-32.2823,1.60392,99.1973,0.00169637,-0.00513958,0.00757291,0,0,3.5525,0.105,-0.9625,-0.010492,0.540338,-0.851438,-0.2093,-0.1596,0.19782
3228.56,0,0,5,5,100,100,-32.2856,1.60278,99.1969,-0.00119941,-0.00347985,0.00901733,0,0,3.5175,0.1225,-0.945,-0.01342,0.542046,-0.849974,-0.2093,-0.1596,0.19782
3228.77,0,0,5,5,100,100,-32.2877,1.60108,99.196,-0.00177718,-0.00424361,0.00838398,0,0,3.43,0.105,-0.8575,-0.01403,0.541314,-0.850584,-0.2093,-0.1596,0.19782
3228.53,0,0,5,5,100,100,-32.2853,1.60087,99.188,0.000291686,-0.00603992,0.00545582,0,0,3.5525,0.0175,-0.8225,-0.011956,0.539484,-0.853512,-0.20958,-0.161,0.19264
3228.49,0,0,5,5,100,100,-32.2849,1.59727,99.1807,-0.00365453,-0.00444721,0.00582994,0,0,3.5,0.035,-0.7525,-0.015982,0.54107,-0.853146,-0.20958,-0.161,0.19264
3228.75,0,0,5,5,100,100,-32.2875,1.5985,99.1749,0.000940488,-0.00424168,0.00900143,0,0,3.5,0.3325,-0.7875,-0.011346,0.541314,-0.849974,-0.20958,-0.161,0.19264
3228.81,0,0,5,5,100,100,-32.2881,1.59625,99.1677,-0.00266476,-0.00571595,0.0089972,0,0,3.5175,0.4025,-0.9975,-0.015006,0.53985,-0.849974,-0.20958,-0.161,0.19264
3228.86,0,0,5,5,100,100,-32.2886,1.59792,99.1608,0.00180107,-0.0041349,0.00579541,0,0,3.4475,0.3325,-0.9275,-0.010492,0.541436,-0.853146,-0.20958,-0.161,0.19264
3229.15,0,0,5,5,100,100,-32.2915,1.59715,99.1551,-0.00110125,-0.00271327,0.00699759,0,0,3.4125,0.3325,-0.875,-0.01342,0.5429,-0.851926,-0.20958,-0.161,0.19264
3229.05,0,0,5,5,100,100,-32.2905,1.5987,99.1476,0.0020304,-0.00379695,0.00331802,0,0,3.465,0.2975,-1.0675,-0.010248,0.541802,-0.855586,-0.20958,-0.161,0.19264
3228.89,0,0,5,5,100,100,-32.2889,1.5997,99.1398,0.00152702,-0.0046287,0.00370091,0,0,3.3425,0.2625,-1.085,-0.010736,0.540948,-0.85522,-0.20958,-0.161,0.19264
3228.95,0,0,5,5,100,100,-32.2895,1.60048,99.1355,0.00090603,-0.00292765,0.00394085,0,0,3.36,0.2625,-0.84,-0.011346,0.542656,-0.854976,-0.21252,-0.16156,0.19936
3228.76,0,0,5,5,100,100,-32.2876,1.60089,99.1299,0.000655821,-0.0048525,0.0035902,0,0,3.3425,0.2625,-0.84,-0.01159,0.540704,-0.855342,-0.21252,-0.16156,0.19936
3228.92,0,0,5,5,100,100,-32.2892,1.60076,99.1261,5.07281e-05,-0.00341048,0.0057885,0,0,3.2375,0.14,-0.8925,-0.0122,0.542168,-0.853146,-0.21252,-0.16156,0.19936
3228.95,0,0,5,5,100,100,-32.2895,1.60393,99.122,0.00351851,-0.00402563,0.00492318,0,0,3.29,0.245,-0.805,-0.008662,0.541558,-0.854,-0.21252,-0.16156,0.19936
3228.8,0,0,5,5,100,100,-32.288,1.60495,99.1172,0.00143541,-0.00522449,0.00518264,0,0,3.535,0.1225,-0.8225,-0.010736,0.540338,-0.853756,-0.21252,-0.16156,0.19936
3228.81,0,0,5,5,100,100,-32.2881,1.60339,99.1127,-0.00133149,-0.00498196,0.00678079,0,0,3.3775,0.0875,-0.9625,-0.013542,0.540582,-0.85217,-0.21252,-0.16156,0.19936
3229.37,0,0,5,5,100,100,-32.2937,1.60778,99.1116,0.00466611,-0.00286544,0.0100462,0,0,3.3775,0.0875,-0.8225,-0.007442,0.542778,-0.848876,-0.21252,-0.16156,0.19936
3229.25,0,0,5,5,100,100,-32.2925,1.60688,99.1068,-0.000784939,-0.00516796,0.00587777,0,0,3.6225,0.21,-0.91,-0.012932,0.54046,-0.853024,-0.21252,-0.16156,0.19936
3229.45,0,0,5,5,100,100,-32.2945,1.60617,99.114,-0.000772576,-0.00299896,0.00672031,0,0,3.6575,0.28,-1.015,-0.012932,0.542656,-0.85217,-0.20552,-0.16184,0.20104
3229.51,0,0,5,5,100,100,-32.2951,1.60616,99.1205,-4.35343e-05,-0.00459609,0.00732906,0,0,3.6225,0.35,-1.0325,-0.0122,0.54107,-0.85156,-0.20552,-0.16184,0.20104
3229.36,0,0,5,5,100,100,-32.2936,1.60243,99.1255,-0.00362293,-0.00384157,0.00353357,0,0,3.5525,0.245,-1.1375,-0.01586,0.541802,-0.855342,-0.20552,-0.16184,0.20104
3229.36,0,0,5,5,100,100,-32.2936,1.59902,99.1313,-0.00356357,-0.00469826,0.00685401,0,0,3.5,0.28,-1.0675,-0.01586,0.540948,-0.852048,-0.20552,-0.16184,0.20104
3229.73,0,0,5,5,100,100,-32.2973,1.60057,99.1391,0.0015119,-0.00377474,0.00927827,0,0,3.4125,0.28,-0.98,-0.010736,0.541924,-0.849608,-0.20552,-0.16184,0.20104
3229.76,0,0,5,5,100,100,-32.2976,1.60057,99.1454,0.000175543,-0.00487834,0.00693943,0,0,3.465,0.1925,-0.945,-0.012078,0.540826,-0.851926,-0.20552,-0.16184,0.20104
3229.98,0,0,5,5,100,100,-32.2998,1.6021,99.1526,0.0014852,-0.00393394,0.00765562,0,0,3.395,0.28,-0.84,-0.010736,0.541802,-0.851194,-0.20552,-0.16184,0.20104
3230.23,0,0,5,5,100,100,-32.3023,1.60256,99.1595,1.93409e-05,-0.00299247,0.00652635,0,0,3.3775,0.525,-0.91,-0.0122,0.542778,-0.852292,-0.20552,-0.16184,0.20104
3230.39,0,0,5,5,100,100,-32.3039,1.60496,99.1612,0.00240715,-0.00460424,0.00798509,0,0,3.43,0.245,-0.735,-0.00976,0.541192,-0.850828,-0.21056,-0.16184,0.2023
3230.54,0,0,5,5,100,100,-32.3054,1.60643,99.1628,0.00189552,-0.00401424,0.00637286,0,0,3.255,-0.0175,-0.735,-0.010248,0.541802,-0.852414,-0.21056,-0.16184,0.2023
3230.53,0,0,5,5,100,100,-32.3053,1.60752,99.1636,0.00151198,-0.00706575,0.00932404,0,0,3.29,0,-0.8225,-0.010614,0.538752,-0.849486,-0.21056,-0.16184,0.2023
3230.74,0,0,5,5,100,100,-32.3074,1.60819,99.1652,0.000650044,-0.00514236,0.00918134,0,0,3.2725,0.175,-0.8225,-0.011468,0.540704,-0.849608,-0.21056,-0.16184,0.2023
3230.53,0,0,5,5,100,100,-32.3053,1.60719,99.1646,-0.00103332,-0.00877565,0.0094471,0,0,3.185,0.2275,-0.8225,-0.013176,0.537044,-0.849364,-0.21056,-0.16184,0.2023
3230.5,0,0,5,5,100,100,-32.305,1.6063,99.1646,-0.00126087,-0.00547401,0.00723721,0,0,3.465,0.4725,-0.91,-0.01342,0.540338,-0.85156,-0.21056,-0.16184,0.2023
3230.22,0,0,5,5,100,100,-32.3022,1.60473,99.1635,-0.00184078,-0.0042122,0.00197697,0,0,3.43,0.49,-0.8225,-0.01403,0.541558,-0.856806,-0.21056,-0.16184,0.2023
3230.38,0,0,5,5,100,100,-32.3038,1.60386,99.1647,-0.00121824,-0.00399158,0.00712637,0,0,3.36,0.315,-0.77,-0.01342,0.541802,-0.851682,-0.21056,-0.16184,0.2023
3230.31,0,0,5,5,100,100,-32.3031,1.60264,99.1648,-0.00131846,-0.00386036,0.00418206,0,0,3.43,0.2975,-0.8225,-0.013542,0.541924,-0.85461,-0.21056,-0.16184,0.2023
3230.57,0,0,5,5,100,100,-32.3057,1.60294,99.1621,0.000620129,-0.00316589,0.0064937,0,0,3.1675,0.07,-0.945,-0.01159,0.542656,-0.852292,-0.21098,-0.16142,0.19796
3230.82,0,0,5,5,100,100,-32.3082,1.60433,99.1594,0.00193221,-0.00185859,0.00437995,0,0,3.2725,0.07,-0.98,-0.010248,0.543998,-0.854366,-0.21098,-0.16142,0.19796
3231.24,0,0,5,5,100,100,-32.3124,1.60379,99.1575,-0.000973981,-0.00143258,0.00692265,0,0,3.535,0.3675,-0.8925,-0.013176,0.544486,-0.851804,-0.21098,-0.16142,0.19796
3231.57,0,0,5,5,100,100,-32.3157,1.60519,99.1554,0.00106674,-0.00306775,0.00799832,0,0,3.535,0.42,-0.8575,-0.011102,0.5429,-0.850706,-0.21098,-0.16142,0.19796
3231.5,0,0,5,5,100,100,-32.315,1.60439,99.1517,-0.000984484,-0.00586685,0.00763615,0,0,3.5875,0.2625,-0.77,-0.013176,0.540094,-0.851072,-0.21098,-0.16142,0.19796
3231.26,0,0,5,5,100,100,-32.3126,1.60273,99.147,-0.00168443,-0.00619775,0.00593827,0,0,3.5875,0.2275,-0.805,-0.013908,0.539728,-0.85278,-0.21098,-0.16142,0.19796
3231.18,0,0,5,5,100,100,-32.3118,1.60253,99.1431,-0.000466081,-0.00557599,0.00643722,0,0,3.3425,0.35,-0.7,-0.012688,0.540338,-0.852292,-0.21098,-0.16142,0.19796
3231.31,0,0,5,5,100,100,-32.3131,1.60178,99.1399,-0.00118203,-0.0075488,0.0120814,0,0,3.2725,0.315,-0.805,-0.01342,0.538386,-0.84668,-0.21098,-0.16142,0.19796
3231.42,0,0,5,5,100,100,-32.3142,1.60346,99.141,0.00182591,-0.00622105,0.00961156,0,0,3.3425,0.21,-0.91,-0.01037,0.539728,-0.84912,-0.21056,-0.1561,0.20076
3231.9,0,0,5,5,100,100,-32.319,1.60562,99.1439,0.00215267,-0.00543636,0.0131314,0,0,3.325,0.175,-0.9625,-0.010004,0.540582,-0.845582,-0.21056,-0.1561,0.20076
3231.76,0,0,5,5,100,100,-32.3176,1.60612,99.1441,0.00117203,-0.00590504,0.0063815,0,0,3.5,0,-0.98,-0.01098,0.540094,-0.852292,-0.21056,-0.1561,0.20076
3231.46,0,0,5,5,100,100,-32.3146,1.60657,99.1434,0.00104274,-0.00488382,0.00247486,0,0,3.4475,0.105,-0.8575,-0.011102,0.54107,-0.856196,-0.21056,-0.1561,0.20076
3231.44,0,0,5,5,100,100,-32.3144,1.60743,99.1445,0.00114912,-0.0036586,0.00444403,0,0,3.57,0.0875,-0.7,-0.01098,0.54229,-0.854244,-0.21056,-0.1561,0.20076
3232.09,0,0,5,5,100,100,-32.3209,1.60769,99.1485,-0.000191745,-0.00265528,0.0113913,0,0,3.3775,0.14,-0.6825,-0.012322,0.543388,-0.84729,-0.21056,-0.1561,0.20076
3232.08,0,0,5,5,100,100,-32.3208,1.60539,99.1493,-0.00197391,-0.00399851,0.00524534,0,0,3.43,-0.0875,-0.805,-0.014152,0.542046,-0.85339,-0.21056,-0.1561,0.20076
3232.44,0,0,5,5,100,100,-32.3244,1.60279,99.1517,-0.00265734,-0.0045403,0.0108688,0,0,3.4125,-0.0875,-0.8225,-0.014884,0.541558,-0.847778,-0.21056,-0.1561,0.20076
3232.26,0,0,5,5,100,100,-32.3226,1.60175,99.1568,-0.000938549,-0.00561243,0.00510787,0,0,3.3425,0.2275,-0.84,-0.013176,0.54046,-0.853512,-0.20832,-0.16198,0.20482
3232.3,0,0,5,5,100,100,-32.323,1.60347,99.163,0.0017042,-0.00818378,0.0117419,0,0,3.2725,0.245,-0.84,-0.010492,0.537898,-0.846924,-0.20832,-0.16198,0.20482
3232.03,0,0,5,5,100,100,-32.3203,1.60212,99.1678,-0.00118797,-0.00631176,0.0056206,0,0,3.57,0.14,-0.7875,-0.01342,0.539728,-0.853024,-0.20832,-0.16198,0.20482
3231.92,0,0,5,5,100,100,-32.3192,1.60025,99.1732,-0.00176276,-0.00727306,0.00919713,0,0,3.5,0.0525,-0.84,-0.01403,0.538752,-0.849486,-0.20832,-0.16198,0.20482
3231.81,0,0,5,5,100,100,-32.3181,1.59809,99.1785,-0.00172506,-0.00725744,0.00920825,0,0,3.5175,-0.07,-0.9975,-0.01403,0.538752,-0.849486,-0.20832,-0.16198,0.20482
3231.91,0,0,5,5,100,100,-32.3191,1.59848,99.1848,0.000940796,-0.00556179,0.00883025,0,0,3.4825,-0.035,-1.015,-0.011346,0.54046,-0.849852,-0.20832,-0.16198,0.20482
3232.05,0,0,5,5,100,100,-32.3205,1.59915,99.1912,0.000929219,-0.00558328,0.00881627,0,0,3.185,0.07,-0.875,-0.011346,0.54046,-0.849852,-0.20832,-0.16198,0.20482
3232.13,0,0,5,5,100,100,-32.3213,1.60149,99.1975,0.00295368,-0.00351836,0.00438167,0,0,3.15,0,-0.7525,-0.009272,0.542534,-0.854244,-0.20832,-0.16198,0.20482
3232.17,0,0,5,5,100,100,-32.3217,1.60402,99.2036,0.00290954,-0.0035224,0.00437765,0,0,3.4125,0.1925,-0.805,-0.009272,0.542534,-0.854244,-0.20832,-0.16198,0.20482
3231.67,0,0,5,5,100,100,-32.3167,1.60545,99.2033,0.00215559,-0.00540326,0.000365808,0,0,3.3425,0.21,-0.8575,-0.010004,0.540582,-0.85827,-0.2072,-0.16016,0.1988
3231.93,0,0,5,5,100,100,-32.3193,1.60552,99.2063,-0.000153892,-0.00238871,0.00624286,0,0,3.535,0.3675,-0.9275,-0.012322,0.543632,-0.852414,-0.2072,-0.16016,0.1988
3231.96,0,0,5,5,100,100,-32.3196,1.60534,99.2082,-0.000393664,-0.0044686,0.00660945,0,0,3.605,0.42,-0.945,-0.012566,0.541558,-0.852048,-0.2072,-0.16016,0.1988
3232.01,0,0,5,5,100,100,-32.3201,1.60497,99.2105,-0.0003873,-0.00447627,0.00660481,0,0,3.4475,0.1925,-0.7875,-0.012566,0.541558,-0.852048,-0.2072,-0.16016,0.1988
3232.14,0,0,5,5,100,100,-32.3214,1.60474,99.2132,-0.00026166,-0.00425063,0.00720792,0,0,3.4475,0.175,-0.805,-0.012444,0.541802,-0.851438,-0.2072,-0.16016,0.1988
3232.17,0,0,5,5,100,100,-32.3217,1.60418,99.2152,-0.000251963,-0.00498902,0.00708173,0,0,3.395,0.0875,-0.9625,-0.012444,0.54107,-0.85156,-0.2072,-0.16016,0.1988
3232.41,0,0,5,5,100,100,-32.3241,1.60388,99.2184,-0.000125227,-0.00538983,0.0106256,0,0,3.5525,0.035,-0.9625,-0.012322,0.540704,-0.848022,-0.2072,-0.16016,0.1988
3232.1,0,0,5,5,100,100,-32.321,1.60226,99.2188,-0.00143331,-0.00742157,0.00672031,0,0,3.4475,0.1575,-0.875,-0.013664,0.53863,-0.851926,-0.2072,-0.16016,0.1988
3232.19,0,0,5,5,100,100,-32.3219,1.60342,99.2221,0.00146211,-0.00499229,0.00781779,0,0,3.4825,0.1225,-0.91,-0.010736,0.54107,-0.850828,-0.20622,-0.15932,0.1981
3232.09,0,0,5,5,100,100,-32.3209,1.6041,99.2244,0.00096438,-0.00509899,0.00573703,0,0,3.5875,0.1925,-0.8925,-0.011224,0.540948,-0.852902,-0.20622,-0.15932,0.1981
3231.67,0,0,5,5,100,100,-32.3167,1.60544,99.225,0.00203427,-0.0079672,0.00528421,0,0,3.3075,0.14,-0.9275,-0.010126,0.53802,-0.85339,-0.20622,-0.15932,0.1981
3231.47,0,0,5,5,100,100,-32.3147,1.60571,99.2267,0.000814664,-0.00659532,0.0066545,0,0,3.465,0.105,-1.015,-0.011346,0.539362,-0.852048,-0.20622,-0.15932,0.1981
3231.46,0,0,5,5,100,100,-32.3146,1.60521,99.2293,-0.000391366,-0.0048833,0.00665622,0,0,3.57,0.1575,-0.8575,-0.012566,0.54107,-0.852048,-0.20622,-0.15932,0.1981
3231.74,0,0,5,5,100,100,-32.3174,1.60495,99.2333,-2.2335e-05,-0.00468087,0.00994952,0,0,3.465,0,-0.9625,-0.0122,0.541314,-0.848754,-0.20622,-0.15932,0.1981
3232.16,0,0,5,5,100,100,-32.3216,1.60206,99.2375,-0.00325206,-0.00327835,0.00978839,0,0,3.4125,0.175,-0.9625,-0.015494,0.542778,-0.848876,-0.20622,-0.15932,0.1981
3231.97,0,0,5,5,100,100,-32.3197,1.60203,99.2389,2.8462e-05,-0.0058142,0.00513459,0,0,3.325,0.3325,-0.8575,-0.0122,0.540216,-0.853512,-0.20622,-0.15932,0.1981
3232.13,0,0,5,5,100,100,-32.3213,1.60289,99.2336,0.000742427,-0.00595977,0.0100372,0,0,3.36,0.245,-0.8225,-0.011468,0.540094,-0.848632,-0.21182,-0.1596,0.19684
3232.12,0,0,5,5,100,100,-32.3212,1.60137,99.2274,-0.00105333,-0.00522651,0.00647288,0,0,3.185,-0.035,-0.9625,-0.013298,0.540826,-0.85217,-0.21182,-0.1596,0.19684
3232.36,0,0,5,5,100,100,-32.3236,1.60057,99.2225,-0.000553347,-0.00526202,0.00989344,0,0,3.2725,-0.035,-0.9275,-0.01281,0.540826,-0.848754,-0.21182,-0.1596,0.19684
3231.9,0,0,5,5,100,100,-32.319,1.5994,99.2145,-0.000532985,-0.0066594,0.00317506,0,0,3.395,0.035,-0.875,-0.01281,0.539362,-0.855464,-0.21182,-0.1596,0.19684
3231.89,0,0,5,5,100,100,-32.3189,1.59923,99.2089,7.73347e-05,-0.00494807,0.00674165,0,0,3.5525,0.0525,-0.7875,-0.0122,0.54107,-0.851926,-0.21182,-0.1596,0.19684
3231.83,0,0,5,5,100,100,-32.3183,1.59814,99.2034,-0.00111849,-0.00494039,0.00637829,0,0,3.5875,0.07,-0.6125,-0.01342,0.54107,-0.852292,-0.21182,-0.1596,0.19684
3232.12,0,0,5,5,100,100,-32.3212,1.60084,99.1991,0.00247897,-0.00595869,0.0115144,0,0,3.3775,0.35,-0.8225,-0.00976,0.540094,-0.847168,-0.21182,-0.1596,0.19684
3231.83,0,0,5,5,100,100,-32.3183,1.6013,99.1922,0.000770101,-0.00542826,0.00354905,0,0,3.43,0.2275,-0.805,-0.011468,0.540582,-0.855098,-0.21182,-0.1596,0.19684
3231.53,0,0,5,5,100,100,-32.3153,1.60159,99.1893,0.000765112,-0.00538333,0.00357731,0,0,3.5875,0.14,-0.8575,-0.011468,0.540582,-0.855098,-0.20986,-0.15918,0.19838
3231.4,0,0,5,5,100,100,-32.314,1.60016,99.1868,-0.00103214,-0.00597442,0.00641831,0,0,3.3775,0.0875,-1.0325,-0.013298,0.539972,-0.852292,-0.20986,-0.15918,0.19838
3231.6,0,0,5,5,100,100,-32.316,1.60156,99.1864,0.00198054,-0.00417229,0.007997,0,0,3.5,-0.0175,-0.9975,-0.010248,0.541802,-0.850706,-0.20986,-0.15918,0.19838
3231.82,0,0,5,5,100,100,-32.3182,1.60284,99.1862,0.00195818,-0.00420491,0.00797562,0,0,3.36,-0.14,-0.91,-0.010248,0.541802,-0.850706,-0.20986,-0.15918,0.19838
3231.85,0,0,5,5,100,100,-32.3185,1.60537,99.1852,0.0033718,-0.00762719,0.0106773,0,0,3.395,-0.14,-0.945,-0.008784,0.538386,-0.848022,-0.20986,-0.15918,0.19838
3232.01,0,0,5,5,100,100,-32.3201,1.60056,99.1838,-0.00504827,-0.00227939,0.0046393,0,0,3.2375,0.14,-0.9275,-0.017324,0.543754,-0.854,-0.20986,-0.15918,0.19838
3232.12,0,0,5,5,100,100,-32.3212,1.59553,99.1827,-0.00496049,-0.00229638,0.00463144,0,0,3.5525,-0.0525,-0.945,-0.017324,0.543754,-0.854,-0.20986,-0.15918,0.19838
3232.18,0,0,5,5,100,100,-32.3218,1.59718,99.1819,0.00242141,-0.00193913,0.00302639,0,0,3.675,0,-0.9625,-0.009882,0.54412,-0.855586,-0.20986,-0.15918,0.19838
3232.23,0,0,5,5,100,100,-32.3223,1.59685,99.1838,0.000240395,-0.00670852,0.00978467,0,0,3.3775,-0.175,-0.875,-0.012078,0.539362,-0.848876,-0.2107,-0.16086,0.20314
3232.43,0,0,5,5,100,100,-32.3243,1.60134,99.1865,0.00477856,-0.00795908,0.013452,0,0,3.4125,0.1575,-0.8925,-0.007442,0.538142,-0.845216,-0.2107,-0.16086,0.20314
3232.2,0,0,5,5,100,100,-32.322,1.60003,99.1868,-0.00115145,-0.00621467,0.00585187,0,0,3.535,0.14,-0.805,-0.01342,0.53985,-0.85278,-0.2107,-0.16086,0.20314
3231.97,0,0,5,5,100,100,-32.3197,1.59834,99.1875,-0.00112199,-0.00618176,0.00587366,0,0,3.5,-0.175,-0.7525,-0.01342,0.53985,-0.85278,-0.2107,-0.16086,0.20314
3231.83,0,0,5,5,100,100,-32.3183,1.60096,99.1888,0.00344883,-0.00713809,0.00785242,0,0,3.4125,-0.105,-0.805,-0.008784,0.538874,-0.850828,-0.2107,-0.16086,0.20314
3231.71,0,0,5,5,100,100,-32.3171,1.60373,99.1896,0.00340053,-0.00711839,0.00786327,0,0,3.395,0.105,-0.9275,-0.008784,0.538874,-0.850828,-0.2107,-0.16086,0.20314
3231.53,0,0,5,5,100,100,-32.3153,1.60314,99.1899,-0.000476712,-0.00501701,0.00455997,0,0,3.465,0.2975,-0.9275,-0.012688,0.540948,-0.854122,-0.2107,-0.16086,0.20314
3230.91,0,0,5,5,100,100,-32.3091,1.59909,99.1789,-0.0038077,-0.00565831,0.000193997,0,0,3.5875,0.175,-0.8575,-0.016104,0.540216,-0.858514,-0.21364,-0.1589,0.19698
3230.37,0,0,5,5,100,100,-32.3037,1.59866,99.1687,-0.000277093,-0.00423651,-0.000739759,0,0,3.7625,0.4025,-0.7875,-0.012566,0.541558,-0.85949,-0.21364,-0.1589,0.19698
3230.27,0,0,5,5,100,100,-32.3027,1.59722,99.1605,-0.00158839,-0.00519804,0.00640187,0,0,3.71,0.28,-0.84,-0.013908,0.540582,-0.852414,-0.21364,-0.1589,0.19698
3230.2,0,0,5,5,100,100,-32.302,1.59573,99.1524,-0.00156232,-0.00518852,0.00640875,0,0,3.5,0.245,-0.875,-0.013908,0.540582,-0.852414,-0.21364,-0.1589,0.19698
3229.98,0,0,5,5,100,100,-32.2998,1.59267,99.1435,-0.00308825,-0.00381349,0.0023732,0,0,3.5,0.245,-0.875,-0.015494,0.541924,-0.85644,-0.21364,-0.1589,0.19698
3229.81,0,0,5,5,100,100,-32.2981,1.58987,99.1345,-0.00303939,-0.00378864,0.00239052,0,0,3.2725,0.3675,-0.84,-0.015494,0.541924,-0.85644,-0.21364,-0.1589,0.19698
3229.77,0,0,5,5,100,100,-32.2977,1.58957,99.1269,-0.000118505,-0.0058594,0.00731204,0,0,3.325,0.105,-0.805,-0.012566,0.53985,-0.85156,-0.21364,-0.1589,0.19698
3229.62,0,0,5,5,100,100,-32.2962,1.58818,99.1222,-0.000944603,-0.00486102,0.00437558,0,0,3.325,-0.035,-0.805,-0.01342,0.540826,-0.854488,-0.21532,-0.1645,0.20426
3229.91,0,0,5,5,100,100,-32.2991,1.59298,99.1199,0.00516731,-0.00477996,0.00987955,0,0,3.57,0.2275,-0.945,-0.007198,0.540948,-0.848998,-0.21532,-0.1645,0.20426
3229.75,0,0,5,5,100,100,-32.2975,1.58961,99.1147,-0.00315639,-0.00524596,0.00546957,0,0,3.5,0.0875,-1.015,-0.015616,0.54046,-0.85339,-0.21532,-0.1645,0.20426
3229.61,0,0,5,5,100,100,-32.2961,1.58648,99.1098,-0.00310181,-0.00522626,0.00548381,0,0,3.4125,0.14,-0.8925,-0.015616,0.54046,-0.85339,-0.21532,-0.1645,0.20426
3229.17,0,0,5,5,100,100,-32.2917,1.58499,99.1035,-0.00113209,-0.00418527,-7.59255e-06,0,0,3.535,0.2625,-0.9275,-0.013664,0.541436,-0.85888,-0.21532,-0.1645,0.20426
3228.91,0,0,5,5,100,100,-32.2891,1.58334,99.0981,-0.00122462,-0.005857,0.00493533,0,0,3.5175,0.105,-1.015,-0.013786,0.539728,-0.854,-0.21532,-0.1645,0.20426
3228.67,0,0,5,5,100,100,-32.2867,1.58157,99.0931,-0.00119389,-0.00582166,0.00495867,0,0,3.4475,-0.0525,-0.91,-0.013786,0.539728,-0.854,-0.21532,-0.1645,0.20426
3228.29,0,0,5,5,100,100,-32.2829,1.58123,99.0921,0.000391348,-0.00613209,0.00339588,0,0,3.4125,0.0175,-0.91,-0.0122,0.539362,-0.855586,-0.2086,-0.16128,0.19908
3228.27,0,0,5,5,100,100,-32.2827,1.58207,99.093,0.000984237,-0.0051523,0.00708562,0,0,3.64,0.21,-0.8575,-0.01159,0.540338,-0.851926,-0.2086,-0.16128,0.19908
3228.65,0,0,5,5,100,100,-32.2865,1.58068,99.0956,-0.00166417,-0.00398666,0.0103709,0,0,3.5175,0.1225,-0.8225,-0.014274,0.541558,-0.848632,-0.2086,-0.16128,0.19908
3229.01,0,0,5,5,100,100,-32.2901,1.57909,99.0981,-0.00163657,-0.0040406,0.0103377,0,0,3.535,0.035,-0.91,-0.014274,0.541558,-0.848632,-0.2086,-0.16128,0.19908
3229.37,0,0,5,5,100,100,-32.2937,1.58265,99.1011,0.00364671,-0.00653555,0.0136221,0,0,3.5175,0.1225,-0.805,-0.008906,0.539118,-0.845338,-0.2086,-0.16128,0.19908
3229.73,0,0,5,5,100,100,-32.2973,1.58615,99.104,0.00358566,-0.00658663,0.0135879,0,0,3.5175,0.1225,-0.805,-0.008906,0.539118,-0.845338,-0.2086,-0.16128,0.19908
3229.94,0,0,5,5,100,100,-32.2994,1.58147,99.1055,-0.00520115,-0.00417771,0.00815955,0,0,3.15,0.14,-0.7525,-0.017812,0.541558,-0.850706,-0.2086,-0.16128,0.19908
